,Regret,Accuracy,Fuzzy Accuracy,model,Reward Structure
0,8597.631428571436,0.5439970850792494,0.782838404080889,linucb,proportional
1,8386.131428571427,0.47932228092548734,0.7334669338677354,linucb,proportional
2,8349.054285714294,0.5175806157770085,0.7653488795773364,linucb,proportional
3,8351.122857142847,0.533977044999089,0.7841136819092731,linucb,proportional
4,8590.780000000004,0.44288577154308617,0.7035889961741665,linucb,proportional
5,8523.899999999987,0.49735835306977594,0.7516851885589361,linucb,proportional
6,8537.085714285695,0.5696848241938423,0.8056112224448898,linucb,proportional
7,8582.11428571426,0.37074148296593185,0.6445618509746767,linucb,proportional
8,8434.822857142834,0.5214064492621607,0.7750045545636728,linucb,proportional
9,8427.68857142857,0.5551102204408818,0.8021497540535617,linucb,proportional
10,8484.780000000006,0.529786846420113,0.7799234833302969,linucb,proportional
11,8462.117142857136,0.5194024412461287,0.7704499908908726,linucb,proportional
12,8438.9942857143,0.46019311349972675,0.7203497904900711,linucb,proportional
13,8582.071428571426,0.5046456549462561,0.7525961012934961,linucb,proportional
14,8425.988571428557,0.5461832756421935,0.7926762616141374,linucb,proportional
15,8736.93714285713,0.47986882856622337,0.7356531244306795,linucb,proportional
16,8589.805714285694,0.4038987065039169,0.6666059391510293,linucb,proportional
17,8443.008571428556,0.5143013299325925,0.7648023319366005,linucb,proportional
18,8664.065714285718,0.4532701767170705,0.7141555838950628,linucb,proportional
19,8396.719999999983,0.4782291856440153,0.7229003461468392,linucb,proportional
20,8696.945714285712,0.5385316086718892,0.7868464201129531,linucb,proportional
21,8510.779999999993,0.43177263618145384,0.6944798688285663,linucb,proportional
22,8317.048571428551,0.4933503370377118,0.7454909819639278,linucb,proportional
23,8523.171428571432,0.5456367280014575,0.7946802696301695,linucb,proportional
24,8418.89714285714,0.46092184368737477,0.7236290763344871,linucb,proportional
25,8416.182857142843,0.5560211331754418,0.7997813809437055,linucb,proportional
26,8334.794285714263,0.5387137912188013,0.783384951721625,linucb,proportional
27,8431.737142857117,0.5385316086718892,0.780105665877209,linucb,proportional
28,8535.957142857142,0.5707779194753143,0.8090726908362179,linucb,proportional
29,8629.071428571433,0.43341227910366187,0.6955729641100382,linucb,proportional
30,8538.634285714279,0.5722353798506103,0.8072508653670978,linucb,proportional
31,8560.642857142855,0.48296593186372744,0.7314629258517034,linucb,proportional
32,8552.525714285706,0.5383494261249773,0.7786482055019129,linucb,proportional
33,8482.385714285696,0.5429039897977773,0.7790125705957369,linucb,proportional
34,8363.357142857138,0.5019129167425761,0.7544179267626161,linucb,proportional
35,8527.279999999999,0.4270358899617417,0.6833667334669339,linucb,proportional
36,8640.711428571409,0.47239934414283113,0.7270905447258152,linucb,proportional
37,8664.31999999998,0.3876844598287484,0.6527600655857169,linucb,proportional
38,8543.002857142865,0.5004554563672801,0.7402076881034797,linucb,proportional
39,8507.402857142844,0.5582073237383859,0.7986882856622336,linucb,proportional
40,8519.339999999962,0.4346875569320459,0.6983057023137184,linucb,proportional
41,8379.905714285715,0.530333394060849,0.7766441974858809,linucb,proportional
42,8507.37428571427,0.4838768445982875,0.7371105848059756,linucb,proportional
43,8682.417142857135,0.45746037529604666,0.7110584805975587,linucb,proportional
44,8565.254285714273,0.5574785935507378,0.7954089998178174,linucb,proportional
45,8420.67142857141,0.4816906540353434,0.7340134815084715,linucb,proportional
46,8641.322857142864,0.5040991073055201,0.7549644744033521,linucb,proportional
47,8475.45999999999,0.43687374749499,0.7015849881581344,linucb,proportional
48,8689.557142857144,0.4909819639278557,0.7409364182911277,linucb,proportional
49,8452.565714285702,0.5177627983239206,0.7719074512661687,linucb,proportional
0,1175.8187500000015,0.6472945891783567,0.8650027327382037,linucb,hill-climbing
1,1124.6937500000051,0.6574968118054291,0.8759336855529241,linucb,hill-climbing
2,1184.6000000000015,0.6445618509746767,0.8640918200036436,linucb,hill-climbing
3,1155.1812500000028,0.6536709783202769,0.8671889233011477,linucb,hill-climbing
4,1170.493750000001,0.6472945891783567,0.8671889233011477,linucb,hill-climbing
5,1110.2312500000048,0.6627801056658772,0.876662415740572,linucb,hill-climbing
6,1174.437500000001,0.6458371288030607,0.8670067407542358,linucb,hill-climbing
7,1163.1125000000034,0.6520313353980689,0.8655492803789397,linucb,hill-climbing
8,1161.2375000000013,0.6491164146474768,0.8691929313171798,linucb,hill-climbing
9,1161.7500000000018,0.6511204226635089,0.8670067407542358,linucb,hill-climbing
10,1193.8562500000007,0.6427400255055565,0.8620878119876116,linucb,hill-climbing
11,1170.9312500000015,0.6471124066314448,0.8671889233011477,linucb,hill-climbing
12,1145.006250000003,0.654581891054837,0.8704682091455639,linucb,hill-climbing
13,1168.7500000000027,0.6482055019129167,0.8670067407542358,linucb,hill-climbing
14,1162.9750000000017,0.6480233193660048,0.8695572964110039,linucb,hill-climbing
15,1158.1562500000032,0.6498451448351248,0.8697394789579158,linucb,hill-climbing
16,1171.000000000001,0.6491164146474768,0.8651849152851157,linucb,hill-climbing
17,1170.512500000002,0.6478411368190927,0.8666423756604117,linucb,hill-climbing
18,1116.8000000000052,0.6602295500091091,0.8764802331936601,linucb,hill-climbing
19,1152.9062500000036,0.6520313353980689,0.8697394789579158,linucb,hill-climbing
20,1161.7062500000027,0.6498451448351248,0.8682820185826198,linucb,hill-climbing
21,1149.406250000003,0.6534887957733649,0.8697394789579158,linucb,hill-climbing
22,1182.3375000000015,0.6432865731462926,0.8662780105665877,linucb,hill-climbing
23,1153.3812500000029,0.6529422481326289,0.8686463836764438,linucb,hill-climbing
24,1160.0187500000025,0.6523957004918929,0.8664601931134998,linucb,hill-climbing
25,1151.5375000000024,0.6509382401165968,0.8713791218801239,linucb,hill-climbing
26,1181.1062500000019,0.6462014938968846,0.8639096374567317,linucb,hill-climbing
27,1166.118750000002,0.6491164146474768,0.8671889233011477,linucb,hill-climbing
28,1170.125000000003,0.6494807797413008,0.8651849152851157,linucb,hill-climbing
29,1153.2812500000032,0.6500273273820368,0.8715613044270359,linucb,hill-climbing
30,1162.131250000002,0.6492985971943888,0.8686463836764438,linucb,hill-climbing
31,1178.4125000000017,0.6452905811623246,0.8659136454727637,linucb,hill-climbing
32,1135.3000000000036,0.656221533977045,0.8728365822554199,linucb,hill-climbing
33,1176.306250000002,0.6485698670067408,0.8635452723629077,linucb,hill-climbing
34,1173.1625000000017,0.6474767717252687,0.8659136454727637,linucb,hill-climbing
35,1155.5312500000032,0.6509382401165968,0.8697394789579158,linucb,hill-climbing
36,1144.9500000000028,0.6529422481326289,0.8721078520677719,linucb,hill-climbing
37,1178.0125000000005,0.6465658589907087,0.8648205501912917,linucb,hill-climbing
38,1137.5187500000038,0.656221533977045,0.8719256695208599,linucb,hill-climbing
39,1170.1000000000013,0.6487520495536527,0.8659136454727637,linucb,hill-climbing
40,1156.9000000000028,0.6520313353980689,0.8680998360357077,linucb,hill-climbing
41,1131.3687500000035,0.6580433594461651,0.8726543997085079,linucb,hill-climbing
42,1156.8750000000027,0.6513026052104208,0.8688285662233558,linucb,hill-climbing
43,1148.0625000000032,0.6531244306795408,0.8706503916924758,linucb,hill-climbing
44,1165.6187500000015,0.6474767717252687,0.8690107487702678,linucb,hill-climbing
45,1166.5687500000026,0.6492985971943888,0.8668245582073237,linucb,hill-climbing
46,1131.7375000000047,0.655857168883221,0.87465840772454,linucb,hill-climbing
47,1150.6812500000033,0.6518491528511569,0.8708325742393879,linucb,hill-climbing
48,1175.9187500000012,0.6502095099289488,0.8620878119876116,linucb,hill-climbing
49,1149.8875000000035,0.654581891054837,0.8684642011295318,linucb,hill-climbing
0,1948.0,0.6489342321005648,0.8690107487702678,linucb,risk-sensitive
1,1920.0,0.654399708507925,0.8680998360357077,linucb,risk-sensitive
2,1925.0,0.6527600655857169,0.8693751138640918,linucb,risk-sensitive
3,1926.0,0.6518491528511569,0.8702860265986518,linucb,risk-sensitive
4,1922.0,0.6522135179449808,0.8704682091455639,linucb,risk-sensitive
5,1924.0,0.6533066132264529,0.8691929313171798,linucb,risk-sensitive
6,1943.0,0.6498451448351248,0.8704682091455639,linucb,risk-sensitive
7,1906.0,0.656039351430133,0.87465840772454,linucb,risk-sensitive
8,1909.0,0.656403716523957,0.875751503006012,linucb,risk-sensitive
9,1947.0,0.6489342321005648,0.8666423756604117,linucb,risk-sensitive
10,1943.0,0.6489342321005648,0.8675532883949718,linucb,risk-sensitive
11,1947.0,0.6491164146474768,0.8655492803789397,linucb,risk-sensitive
12,1943.0,0.6494807797413008,0.8655492803789397,linucb,risk-sensitive
13,1939.0,0.6498451448351248,0.8677354709418837,linucb,risk-sensitive
14,1910.0,0.6551284386955729,0.8695572964110039,linucb,risk-sensitive
15,1968.0,0.6440153033339406,0.8691929313171798,linucb,risk-sensitive
16,1915.0,0.654035343414101,0.873018764802332,linucb,risk-sensitive
17,1959.0,0.6463836764437967,0.8644561850974677,linucb,risk-sensitive
18,1912.0,0.6538531608671889,0.8726543997085079,linucb,risk-sensitive
19,1942.0,0.6487520495536527,0.8675532883949718,linucb,risk-sensitive
20,1904.0,0.6565858990708691,0.8686463836764438,linucb,risk-sensitive
21,1919.0,0.654035343414101,0.8679176534887958,linucb,risk-sensitive
22,1906.0,0.656403716523957,0.8715613044270359,linucb,risk-sensitive
23,1942.0,0.6500273273820368,0.8671889233011477,linucb,risk-sensitive
24,1919.0,0.6533066132264529,0.8713791218801239,linucb,risk-sensitive
25,1939.0,0.6500273273820368,0.8666423756604117,linucb,risk-sensitive
26,1939.0,0.6503916924758608,0.8664601931134998,linucb,risk-sensitive
27,1981.0,0.6420112953179086,0.8604481690654036,linucb,risk-sensitive
28,1894.0,0.6574968118054291,0.8728365822554199,linucb,risk-sensitive
29,1915.0,0.654581891054837,0.8717434869739479,linucb,risk-sensitive
30,1945.0,0.6487520495536527,0.8662780105665877,linucb,risk-sensitive
31,1975.0,0.6434687556932046,0.8666423756604117,linucb,risk-sensitive
32,1927.0,0.6514847877573329,0.8704682091455639,linucb,risk-sensitive
33,1911.0,0.654581891054837,0.8695572964110039,linucb,risk-sensitive
34,1851.0,0.6653306613226453,0.877208963381308,linucb,risk-sensitive
35,1913.0,0.6547640736017489,0.8708325742393879,linucb,risk-sensitive
36,1933.0,0.6513026052104208,0.8706503916924758,linucb,risk-sensitive
37,1928.0,0.6514847877573329,0.8713791218801239,linucb,risk-sensitive
38,1965.0,0.6443796684277646,0.8657314629258517,linucb,risk-sensitive
39,1941.0,0.6500273273820368,0.8659136454727637,linucb,risk-sensitive
40,1926.0,0.6522135179449808,0.8721078520677719,linucb,risk-sensitive
41,1924.0,0.6522135179449808,0.8693751138640918,linucb,risk-sensitive
42,1954.0,0.6480233193660048,0.8662780105665877,linucb,risk-sensitive
43,1994.0,0.6400072873018765,0.8640918200036436,linucb,risk-sensitive
44,1903.0,0.656221533977045,0.873383129896156,linucb,risk-sensitive
45,1937.0,0.6496629622882127,0.8670067407542358,linucb,risk-sensitive
46,1942.0,0.6503916924758608,0.8675532883949718,linucb,risk-sensitive
47,1941.0,0.6500273273820368,0.8704682091455639,linucb,risk-sensitive
48,1956.0,0.6463836764437967,0.8675532883949718,linucb,risk-sensitive
49,1904.0,0.6565858990708691,0.872472217161596,linucb,risk-sensitive
0,1946.0,0.6454727637092367,0.8637274549098196,linucb,standard
1,1931.0,0.6482055019129167,0.8653670978320277,linucb,standard
2,1938.0,0.6469302240845327,0.8671889233011477,linucb,standard
3,1928.0,0.6487520495536527,0.8671889233011477,linucb,standard
4,1922.0,0.6498451448351248,0.8666423756604117,linucb,standard
5,1920.0,0.6502095099289488,0.8690107487702678,linucb,standard
6,1944.0,0.6458371288030607,0.8662780105665877,linucb,standard
7,1912.0,0.6516669703042448,0.8706503916924758,linucb,standard
8,1910.0,0.6520313353980689,0.8660958280196757,linucb,standard
9,1901.0,0.6536709783202769,0.8706503916924758,linucb,standard
10,1919.0,0.6503916924758608,0.8682820185826198,linucb,standard
11,1931.0,0.6482055019129167,0.8659136454727637,linucb,standard
12,1941.0,0.6463836764437967,0.8631809072690836,linucb,standard
13,1967.0,0.6416469302240845,0.8651849152851157,linucb,standard
14,1871.0,0.659136454727637,0.8711969393332119,linucb,standard
15,1948.0,0.6451083986154127,0.8639096374567317,linucb,standard
16,1924.0,0.6494807797413008,0.8653670978320277,linucb,standard
17,1958.0,0.6432865731462926,0.8639096374567317,linucb,standard
18,1891.0,0.655492803789397,0.8701038440517398,linucb,standard
19,1934.0,0.6476589542721807,0.8655492803789397,linucb,standard
20,1941.0,0.6463836764437967,0.8671889233011477,linucb,standard
21,1914.0,0.6513026052104208,0.8668245582073237,linucb,standard
22,1909.0,0.6522135179449808,0.8646383676443796,linucb,standard
23,1930.0,0.6483876844598288,0.8629987247221717,linucb,standard
24,1915.0,0.6511204226635089,0.8706503916924758,linucb,standard
25,1921.0,0.6500273273820368,0.8668245582073237,linucb,standard
26,1918.0,0.6505738750227729,0.8697394789579158,linucb,standard
27,1935.0,0.6474767717252687,0.8671889233011477,linucb,standard
28,1895.0,0.6547640736017489,0.8704682091455639,linucb,standard
29,1938.0,0.6469302240845327,0.8620878119876116,linucb,standard
30,1900.0,0.6538531608671889,0.8684642011295318,linucb,standard
31,1959.0,0.6431043905993806,0.8588085261431955,linucb,standard
32,1965.0,0.6420112953179086,0.8588085261431955,linucb,standard
33,1902.0,0.6534887957733649,0.8690107487702678,linucb,standard
34,1918.0,0.6505738750227729,0.8690107487702678,linucb,standard
35,1927.0,0.6489342321005648,0.8684642011295318,linucb,standard
36,1956.0,0.6436509382401165,0.8653670978320277,linucb,standard
37,1980.0,0.6392785571142284,0.8606303516123155,linucb,standard
38,1903.0,0.6533066132264529,0.8699216615048279,linucb,standard
39,1918.0,0.6505738750227729,0.8668245582073237,linucb,standard
40,1905.0,0.6529422481326289,0.8704682091455639,linucb,standard
41,1948.0,0.6451083986154127,0.8642740025505556,linucb,standard
42,1953.0,0.6441974858808526,0.8620878119876116,linucb,standard
43,1930.0,0.6483876844598288,0.8675532883949718,linucb,standard
44,1937.0,0.6471124066314448,0.8679176534887958,linucb,standard
45,1983.0,0.6387320094734924,0.8599016214246675,linucb,standard
46,1942.0,0.6462014938968846,0.8664601931134998,linucb,standard
47,1944.0,0.6458371288030607,0.8668245582073237,linucb,standard
48,1924.0,0.6494807797413008,0.8650027327382037,linucb,standard
49,1908.0,0.6523957004918929,0.8721078520677719,linucb,standard
0,722.0,0.6483876844598288,0.8684642011295318,linucb,fuzzy
1,745.0,0.6434687556932046,0.8642740025505556,linucb,fuzzy
2,729.0,0.6491164146474768,0.8671889233011477,linucb,fuzzy
3,729.0,0.6432865731462926,0.8671889233011477,linucb,fuzzy
4,693.0,0.6556749863363089,0.87374749498998,linucb,fuzzy
5,710.0,0.6538531608671889,0.8706503916924758,linucb,fuzzy
6,731.0,0.6411003825833486,0.8668245582073237,linucb,fuzzy
7,739.0,0.6420112953179086,0.8653670978320277,linucb,fuzzy
8,757.0,0.6372745490981964,0.8620878119876116,linucb,fuzzy
9,754.0,0.6436509382401165,0.8626343596283476,linucb,fuzzy
10,765.0,0.6398251047549645,0.8606303516123155,linucb,fuzzy
11,766.0,0.6392785571142284,0.8604481690654036,linucb,fuzzy
12,720.0,0.6547640736017489,0.8688285662233558,linucb,fuzzy
13,743.0,0.6440153033339406,0.8646383676443796,linucb,fuzzy
14,712.0,0.6496629622882127,0.8702860265986518,linucb,fuzzy
15,710.0,0.6492985971943888,0.8706503916924758,linucb,fuzzy
16,724.0,0.6480233193660048,0.8680998360357077,linucb,fuzzy
17,717.0,0.6460193113499727,0.8693751138640918,linucb,fuzzy
18,733.0,0.6401894698487884,0.8664601931134998,linucb,fuzzy
19,682.0,0.6547640736017489,0.875751503006012,linucb,fuzzy
20,737.0,0.6429222080524686,0.8657314629258517,linucb,fuzzy
21,715.0,0.6492985971943888,0.8697394789579158,linucb,fuzzy
22,748.0,0.6407360174895245,0.8637274549098196,linucb,fuzzy
23,688.0,0.656950264164693,0.87465840772454,linucb,fuzzy
24,738.0,0.6438331207870286,0.8655492803789397,linucb,fuzzy
25,701.0,0.656221533977045,0.8722900346146839,linucb,fuzzy
26,747.0,0.6387320094734924,0.8639096374567317,linucb,fuzzy
27,705.0,0.6491164146474768,0.8715613044270359,linucb,fuzzy
28,716.0,0.6485698670067408,0.8695572964110039,linucb,fuzzy
29,737.0,0.6489342321005648,0.8657314629258517,linucb,fuzzy
30,744.0,0.6414647476771725,0.8644561850974677,linucb,fuzzy
31,720.0,0.6525778830388049,0.8688285662233558,linucb,fuzzy
32,706.0,0.6565858990708691,0.8713791218801239,linucb,fuzzy
33,708.0,0.654946256148661,0.8710147567862999,linucb,fuzzy
34,711.0,0.6529422481326289,0.8704682091455639,linucb,fuzzy
35,738.0,0.6523957004918929,0.8655492803789397,linucb,fuzzy
36,738.0,0.6449262160685006,0.8655492803789397,linucb,fuzzy
37,765.0,0.6343596283476043,0.8606303516123155,linucb,fuzzy
38,724.0,0.6447440335215886,0.8680998360357077,linucb,fuzzy
39,698.0,0.6507560575696848,0.8728365822554199,linucb,fuzzy
40,736.0,0.6407360174895245,0.8659136454727637,linucb,fuzzy
41,757.0,0.6416469302240845,0.8620878119876116,linucb,fuzzy
42,731.0,0.6456549462561486,0.8668245582073237,linucb,fuzzy
43,736.0,0.6478411368190927,0.8659136454727637,linucb,fuzzy
44,746.0,0.6412825651302605,0.8640918200036436,linucb,fuzzy
45,715.0,0.6482055019129167,0.8697394789579158,linucb,fuzzy
46,699.0,0.656403716523957,0.8726543997085079,linucb,fuzzy
47,742.0,0.6451083986154127,0.8648205501912917,linucb,fuzzy
48,733.0,0.6476589542721807,0.8664601931134998,linucb,fuzzy
49,754.0,0.6329021679723082,0.8626343596283476,linucb,fuzzy
0,700.210591181762,0.5705957369284023,0.7979595554745855,linucb,prob-based
1,715.3957366423708,0.5722353798506103,0.8016032064128257,linucb,prob-based
2,675.933321228812,0.6066678812169795,0.8278374931681545,linucb,prob-based
3,709.947602501784,0.5443614501730735,0.7826562215339771,linucb,prob-based
4,885.2408822040984,0.5946438331207871,0.81472034979049,linucb,prob-based
5,828.8811753650775,0.5647658954272181,0.7919475314264893,linucb,prob-based
6,651.3439601660352,0.5478229185644016,0.7832027691747131,linucb,prob-based
7,725.6072943179361,0.5922754600109309,0.8103479686646019,linucb,prob-based
8,644.3128707818946,0.6086718892330115,0.8302058662780105,linucb,prob-based
9,747.883784170862,0.6004736746219712,0.8229185644015303,linucb,prob-based
10,671.6966794641671,0.6010202222627072,0.8251047549644744,linucb,prob-based
11,846.2444793678811,0.5552924029877938,0.7742758243760248,linucb,prob-based
12,690.7935025392934,0.5756968482419385,0.8068865002732738,linucb,prob-based
13,823.41781195503,0.5405356166879213,0.7799234833302969,linucb,prob-based
14,665.9341183721473,0.5429039897977773,0.7777372927673529,linucb,prob-based
15,729.8451293490986,0.6012024048096193,0.8234651120422664,linucb,prob-based
16,792.6245079039021,0.5194024412461287,0.7658954272180725,linucb,prob-based
17,611.4465575230272,0.5789761340863545,0.810530151211514,linucb,prob-based
18,787.8311901994261,0.5647658954272181,0.7988704682091455,linucb,prob-based
19,663.5426229728616,0.5709601020222262,0.8019675715066497,linucb,prob-based
20,701.5337755099597,0.6010202222627072,0.8323920568409546,linucb,prob-based
21,674.3961629205895,0.5991983967935872,0.8289305884496265,linucb,prob-based
22,720.015649013603,0.5882674439788669,0.8172709054472581,linucb,prob-based
23,724.115603861959,0.5999271269812352,0.8207323738385862,linucb,prob-based
24,716.783848090249,0.5753324831481144,0.8088905082893059,linucb,prob-based
25,685.1969603377909,0.5534705775186737,0.7923118965203133,linucb,prob-based
26,757.0644820908012,0.5410821643286573,0.7737292767352888,linucb,prob-based
27,662.2641150064653,0.5886318090726909,0.8149025323374021,linucb,prob-based
28,690.2720821898524,0.5991983967935872,0.8200036436509383,linucb,prob-based
29,840.1765542988618,0.6135908179996357,0.8394971761705229,linucb,prob-based
30,678.5100090085571,0.530151211513937,0.7702678083439607,linucb,prob-based
31,789.9256309317599,0.5684095463654582,0.7986882856622336,linucb,prob-based
32,631.9817732157481,0.5880852614319548,0.8218254691200583,linucb,prob-based
33,708.0156441305146,0.6063035161231554,0.8254691200582984,linucb,prob-based
34,736.1174127397586,0.563490617598834,0.7914009837857533,linucb,prob-based
35,762.8456858583119,0.594097285480051,0.8176352705410822,linucb,prob-based
36,785.3017737958395,0.5399890690471852,0.7773729276735288,linucb,prob-based
37,835.1136071460901,0.5527418473310257,0.784295864456185,linucb,prob-based
38,733.7757509551758,0.6134086354527236,0.8316633266533067,linucb,prob-based
39,671.6763850137581,0.5800692293678266,0.8081617781016579,linucb,prob-based
40,649.5213146875976,0.6112224448897795,0.8342138823100747,linucb,prob-based
41,811.3859366590361,0.5665877208963381,0.7974130078338495,linucb,prob-based
42,690.0349489059415,0.5928220076516669,0.8218254691200583,linucb,prob-based
43,736.8352995137262,0.5999271269812352,0.8245582073237384,linucb,prob-based
44,744.0245679242397,0.5603935143013299,0.8025141191473857,linucb,prob-based
45,729.7485087520523,0.6256148660958281,0.8464201129531791,linucb,prob-based
46,672.7678894131944,0.563854982692658,0.7990526507560576,linucb,prob-based
47,791.0255837134314,0.5645837128803061,0.7999635634906176,linucb,prob-based
48,808.6718690726977,0.5831663326653307,0.813445071962106,linucb,prob-based
49,625.9766177348769,0.6013845873565312,0.8265622153397705,linucb,prob-based
0,8537.228571428564,0.593732920386227,0.8212789214793222,hybrid_linucb,proportional
1,8608.762857142849,0.49298597194388777,0.7425760612133357,hybrid_linucb,proportional
2,8488.851428571405,0.4642011295317909,0.7150664966296228,hybrid_linucb,proportional
3,8511.954285714286,0.5350701402805611,0.781016578611769,hybrid_linucb,proportional
4,8519.619999999977,0.5122973219165604,0.7618874111860083,hybrid_linucb,proportional
5,8538.69142857142,0.5589360539260338,0.7955911823647295,hybrid_linucb,proportional
6,8649.599999999984,0.44798688285662236,0.7055930041901985,hybrid_linucb,proportional
7,8822.819999999976,0.4570960102022226,0.718710147567863,hybrid_linucb,proportional
8,8370.962857142831,0.5350701402805611,0.781563126252505,hybrid_linucb,proportional
9,8699.14857142856,0.47950446347239933,0.7309163782109674,hybrid_linucb,proportional
10,8485.611428571427,0.533430497358353,0.779741300783385,hybrid_linucb,proportional
11,8484.688571428567,0.5166697030424485,0.7675350701402806,hybrid_linucb,proportional
12,8406.165714285697,0.4935325195846238,0.751503006012024,hybrid_linucb,proportional
13,8711.508571428576,0.47057751867371106,0.7256330843505192,hybrid_linucb,proportional
14,8466.371428571418,0.44470759701220625,0.7074148296593187,hybrid_linucb,proportional
15,8498.545714285705,0.45746037529604666,0.7061395518309346,hybrid_linucb,proportional
16,8403.977142857146,0.5633084350519221,0.8070686828201858,hybrid_linucb,proportional
17,8473.305714285716,0.45490981963927857,0.7159774093641829,hybrid_linucb,proportional
18,8353.239999999998,0.5496447440335216,0.7924940790672254,hybrid_linucb,proportional
19,8493.785714285726,0.5405356166879213,0.7893969757697212,hybrid_linucb,proportional
20,8480.471428571425,0.5671342685370742,0.8088905082893059,hybrid_linucb,proportional
21,8693.082857142843,0.6024776826380033,0.8271087629805065,hybrid_linucb,proportional
22,8461.731428571442,0.5077427582437603,0.7531426489342321,hybrid_linucb,proportional
23,8457.845714285704,0.5514665695026416,0.7943159045363454,hybrid_linucb,proportional
24,8316.374285714262,0.4928037893969758,0.7413007833849518,hybrid_linucb,proportional
25,8647.705714285708,0.5443614501730735,0.7901257059573693,hybrid_linucb,proportional
26,8631.791428571434,0.5341592275460011,0.779194753142649,hybrid_linucb,proportional
27,8520.29714285713,0.4833302969575515,0.7341956640553835,hybrid_linucb,proportional
28,8797.279999999993,0.5265075605756968,0.7706321734377847,hybrid_linucb,proportional
29,8600.868571428575,0.5148478775733285,0.7576972126070323,hybrid_linucb,proportional
30,8490.62571428571,0.5596647841136819,0.8016032064128257,hybrid_linucb,proportional
31,8685.251428571413,0.5507378393149936,0.7944980870832574,hybrid_linucb,proportional
32,8592.891428571415,0.5248679176534888,0.7746401894698488,hybrid_linucb,proportional
33,8880.159999999998,0.376206959373292,0.6418291127709965,hybrid_linucb,proportional
34,8478.417142857134,0.5336126799052651,0.7779194753142649,hybrid_linucb,proportional
35,8547.359999999982,0.44252140644926213,0.6966660593915103,hybrid_linucb,proportional
36,8320.882857142842,0.5141191473856804,0.7567862998724723,hybrid_linucb,proportional
37,8478.594285714276,0.5254144652942249,0.7709965385316087,hybrid_linucb,proportional
38,8387.937142857127,0.5481872836582256,0.7919475314264893,hybrid_linucb,proportional
39,8636.425714285695,0.5121151393696484,0.7669885224995445,hybrid_linucb,proportional
40,8645.402857142833,0.530879941701585,0.780652213517945,hybrid_linucb,proportional
41,8536.111428571414,0.5152122426671525,0.7635270541082164,hybrid_linucb,proportional
42,8540.499999999989,0.4345053743851339,0.6942976862816542,hybrid_linucb,proportional
43,8508.179999999986,0.5201311714337766,0.7657132446711605,hybrid_linucb,proportional
44,8519.639999999992,0.501548551648752,0.7549644744033521,hybrid_linucb,proportional
45,8574.794285714292,0.5141191473856804,0.7671707050464566,hybrid_linucb,proportional
46,8355.462857142862,0.5423574421570414,0.7884860630351612,hybrid_linucb,proportional
47,8649.360000000002,0.49863363089815993,0.7431226088540718,hybrid_linucb,proportional
48,8349.231428571427,0.532155219529969,0.781198761158681,hybrid_linucb,proportional
49,9002.631428571412,0.5928220076516669,0.8276553106212425,hybrid_linucb,proportional
0,849.1302685428802,0.5645837128803061,0.8005101111313536,hybrid_linucb,prob-based
1,703.2748126641605,0.5964656585899071,0.8167243578065221,hybrid_linucb,prob-based
2,746.1492378845702,0.5891783567134269,0.8210967389324103,hybrid_linucb,prob-based
3,688.281979217334,0.5682273638185462,0.8028784842412097,hybrid_linucb,prob-based
4,695.0862679234792,0.560757879395154,0.7928584441610493,hybrid_linucb,prob-based
5,673.7054476960212,0.5569320459100018,0.7870286026598652,hybrid_linucb,prob-based
6,769.0151083688233,0.5664055383494261,0.8063399526325378,hybrid_linucb,prob-based
7,696.9767451727935,0.5842594279468027,0.812351976680634,hybrid_linucb,prob-based
8,703.8968107842757,0.5813445071962106,0.81472034979049,hybrid_linucb,prob-based
9,685.4674332286801,0.5787939515394426,0.8127163417744581,hybrid_linucb,prob-based
10,664.6005397176981,0.5208599016214247,0.7633448715613044,hybrid_linucb,prob-based
11,801.2121298956179,0.5746037529604664,0.812534159227546,hybrid_linucb,prob-based
12,667.5527359894833,0.5822554199307707,0.8179996356349062,hybrid_linucb,prob-based
13,632.3378592349212,0.5864456185097467,0.8136272545090181,hybrid_linucb,prob-based
14,731.8459363403034,0.5815266897431226,0.8092548733831298,hybrid_linucb,prob-based
15,745.6034342656023,0.5991983967935872,0.8194570960102022,hybrid_linucb,prob-based
16,746.1187485960355,0.594097285480051,0.8261978502459464,hybrid_linucb,prob-based
17,640.9392575849657,0.6086718892330115,0.8302058662780105,hybrid_linucb,prob-based
18,784.5817323670931,0.6088540717799235,0.8267443978866824,hybrid_linucb,prob-based
19,682.3893654373985,0.6181453816724358,0.8382218983421388,hybrid_linucb,prob-based
20,742.2597303416777,0.6037529604663873,0.8251047549644744,hybrid_linucb,prob-based
21,734.5880610340358,0.5915467298232829,0.8169065403534341,hybrid_linucb,prob-based
22,700.9898054064759,0.5990162142466752,0.8329386044816907,hybrid_linucb,prob-based
23,614.9995570032286,0.5603935143013299,0.7986882856622336,hybrid_linucb,prob-based
24,694.3866575275888,0.5682273638185462,0.8003279285844416,hybrid_linucb,prob-based
25,649.2460262263963,0.6126799052650757,0.8365822554199308,hybrid_linucb,prob-based
26,660.096503610352,0.5711422845691383,0.8006922936782657,hybrid_linucb,prob-based
27,713.8236925982931,0.5888139916196028,0.81472034979049,hybrid_linucb,prob-based
28,572.2254172629507,0.5899070869010749,0.8165421752596101,hybrid_linucb,prob-based
29,752.6719012934709,0.5274184733102569,0.7719074512661687,hybrid_linucb,prob-based
30,727.173003032858,0.5148478775733285,0.7626161413736564,hybrid_linucb,prob-based
31,796.2878122718132,0.5359810530151211,0.7669885224995445,hybrid_linucb,prob-based
32,732.181027761156,0.5456367280014575,0.781380943705593,hybrid_linucb,prob-based
33,661.6487516524331,0.6053926033885954,0.8254691200582984,hybrid_linucb,prob-based
34,714.6624928807433,0.6022955000910912,0.8265622153397705,hybrid_linucb,prob-based
35,737.319183777204,0.595372563308435,0.8265622153397705,hybrid_linucb,prob-based
36,717.5509107980618,0.5970122062306431,0.8216432865731463,hybrid_linucb,prob-based
37,811.2708719483493,0.5753324831481144,0.8052468573510657,hybrid_linucb,prob-based
38,741.0153582028971,0.5591182364729459,0.7895791583166333,hybrid_linucb,prob-based
39,732.7280018146234,0.6028420477318273,0.8238294771360903,hybrid_linucb,prob-based
40,668.4033871251057,0.5738750227728183,0.8070686828201858,hybrid_linucb,prob-based
41,658.149175126569,0.5982874840590271,0.8210967389324103,hybrid_linucb,prob-based
42,616.5638604609666,0.5838950628529787,0.8163599927126981,hybrid_linucb,prob-based
43,834.8815538688517,0.5224995445436327,0.7724539989069047,hybrid_linucb,prob-based
44,686.3080022839797,0.559846966660594,0.7943159045363454,hybrid_linucb,prob-based
45,659.3255155060813,0.5609400619420659,0.8005101111313536,hybrid_linucb,prob-based
46,747.6697520851193,0.6108580797959555,0.8307524139187465,hybrid_linucb,prob-based
47,715.7514338490572,0.5946438331207871,0.81472034979049,hybrid_linucb,prob-based
48,678.5213920542695,0.6124977227181636,0.8356713426853707,hybrid_linucb,prob-based
49,695.7700571361432,0.5764255784295864,0.8048824922572417,hybrid_linucb,prob-based
0,1136.1187500000044,0.6542175259610129,0.874476225177628,hybrid_linucb,hill-climbing
1,1163.9500000000032,0.6505738750227729,0.8666423756604117,hybrid_linucb,hill-climbing
2,1148.0500000000027,0.6527600655857169,0.8710147567862999,hybrid_linucb,hill-climbing
3,1148.956250000003,0.6533066132264529,0.8701038440517398,hybrid_linucb,hill-climbing
4,1138.850000000004,0.656221533977045,0.8713791218801239,hybrid_linucb,hill-climbing
5,1165.2375000000034,0.6492985971943888,0.8673711058480598,hybrid_linucb,hill-climbing
6,1146.2687500000027,0.6525778830388049,0.8719256695208599,hybrid_linucb,hill-climbing
7,1141.9000000000033,0.654581891054837,0.8717434869739479,hybrid_linucb,hill-climbing
8,1189.025000000001,0.6441974858808526,0.8626343596283476,hybrid_linucb,hill-climbing
9,1176.6375000000023,0.6452905811623246,0.8666423756604117,hybrid_linucb,hill-climbing
10,1162.9875000000025,0.6483876844598288,0.8691929313171798,hybrid_linucb,hill-climbing
11,1151.1125000000036,0.6514847877573329,0.8710147567862999,hybrid_linucb,hill-climbing
12,1160.7625000000019,0.6482055019129167,0.8702860265986518,hybrid_linucb,hill-climbing
13,1125.6687500000035,0.6600473674621972,0.873018764802332,hybrid_linucb,hill-climbing
14,1147.200000000004,0.6538531608671889,0.8702860265986518,hybrid_linucb,hill-climbing
15,1174.4625000000012,0.6465658589907087,0.8662780105665877,hybrid_linucb,hill-climbing
16,1123.0062500000047,0.6600473674621972,0.8741118600838039,hybrid_linucb,hill-climbing
17,1152.418750000002,0.6507560575696848,0.8711969393332119,hybrid_linucb,hill-climbing
18,1211.3999999999985,0.6367280014574603,0.8608125341592275,hybrid_linucb,hill-climbing
19,1149.7375000000031,0.6502095099289488,0.8728365822554199,hybrid_linucb,hill-climbing
20,1150.7312500000028,0.6533066132264529,0.8693751138640918,hybrid_linucb,hill-climbing
21,1135.768750000003,0.656950264164693,0.8719256695208599,hybrid_linucb,hill-climbing
22,1159.0500000000027,0.6500273273820368,0.8691929313171798,hybrid_linucb,hill-climbing
23,1121.6937500000045,0.6605939151029332,0.8741118600838039,hybrid_linucb,hill-climbing
24,1160.3625000000022,0.6494807797413008,0.8691929313171798,hybrid_linucb,hill-climbing
25,1176.1500000000012,0.6440153033339406,0.8680998360357077,hybrid_linucb,hill-climbing
26,1177.5562500000003,0.6462014938968846,0.8653670978320277,hybrid_linucb,hill-climbing
27,1157.3250000000032,0.6514847877573329,0.8684642011295318,hybrid_linucb,hill-climbing
28,1150.6812500000021,0.6518491528511569,0.8708325742393879,hybrid_linucb,hill-climbing
29,1161.7562500000022,0.6513026052104208,0.8668245582073237,hybrid_linucb,hill-climbing
30,1163.481250000001,0.6498451448351248,0.8675532883949718,hybrid_linucb,hill-climbing
31,1143.725000000003,0.656039351430133,0.8695572964110039,hybrid_linucb,hill-climbing
32,1153.0000000000027,0.6547640736017489,0.8670067407542358,hybrid_linucb,hill-climbing
33,1156.0187500000027,0.6522135179449808,0.8682820185826198,hybrid_linucb,hill-climbing
34,1158.206250000003,0.6513026052104208,0.8682820185826198,hybrid_linucb,hill-climbing
35,1154.1812500000024,0.6503916924758608,0.8708325742393879,hybrid_linucb,hill-climbing
36,1159.0625000000032,0.6503916924758608,0.8688285662233558,hybrid_linucb,hill-climbing
37,1129.200000000003,0.6595008198214611,0.8721078520677719,hybrid_linucb,hill-climbing
38,1162.5437500000019,0.6483876844598288,0.8693751138640918,hybrid_linucb,hill-climbing
39,1162.9875000000015,0.6483876844598288,0.8691929313171798,hybrid_linucb,hill-climbing
40,1160.843750000002,0.6505738750227729,0.8679176534887958,hybrid_linucb,hill-climbing
41,1129.5875000000042,0.657861176899253,0.873565312443068,hybrid_linucb,hill-climbing
42,1154.668750000003,0.6516669703042448,0.8693751138640918,hybrid_linucb,hill-climbing
43,1164.3000000000025,0.6478411368190927,0.8691929313171798,hybrid_linucb,hill-climbing
44,1159.1187500000026,0.6520313353980689,0.8671889233011477,hybrid_linucb,hill-climbing
45,1141.925000000004,0.655310621242485,0.8710147567862999,hybrid_linucb,hill-climbing
46,1150.7125000000026,0.6527600655857169,0.8699216615048279,hybrid_linucb,hill-climbing
47,1164.0000000000032,0.6520313353980689,0.8651849152851157,hybrid_linucb,hill-climbing
48,1155.0937500000023,0.6511204226635089,0.8697394789579158,hybrid_linucb,hill-climbing
49,1138.8312500000036,0.6556749863363089,0.8719256695208599,hybrid_linucb,hill-climbing
0,1910.0,0.6520313353980689,0.8680998360357077,hybrid_linucb,standard
1,1908.0,0.6523957004918929,0.8664601931134998,hybrid_linucb,standard
2,1919.0,0.6503916924758608,0.8688285662233558,hybrid_linucb,standard
3,1956.0,0.6436509382401165,0.8615412643468756,hybrid_linucb,standard
4,1957.0,0.6434687556932046,0.8591728912370195,hybrid_linucb,standard
5,1957.0,0.6434687556932046,0.8633630898159956,hybrid_linucb,standard
6,1878.0,0.657861176899253,0.8704682091455639,hybrid_linucb,standard
7,1972.0,0.6407360174895245,0.8593550737839315,hybrid_linucb,standard
8,1901.0,0.6536709783202769,0.8710147567862999,hybrid_linucb,standard
9,1898.0,0.6542175259610129,0.8657314629258517,hybrid_linucb,standard
10,1926.0,0.6491164146474768,0.8648205501912917,hybrid_linucb,standard
11,1930.0,0.6483876844598288,0.8631809072690836,hybrid_linucb,standard
12,1924.0,0.6494807797413008,0.8671889233011477,hybrid_linucb,standard
13,1913.0,0.6514847877573329,0.8650027327382037,hybrid_linucb,standard
14,1926.0,0.6491164146474768,0.8688285662233558,hybrid_linucb,standard
15,1932.0,0.6480233193660048,0.8680998360357077,hybrid_linucb,standard
16,1959.0,0.6431043905993806,0.8628165421752596,hybrid_linucb,standard
17,1934.0,0.6476589542721807,0.8680998360357077,hybrid_linucb,standard
18,1976.0,0.6400072873018765,0.8589907086901075,hybrid_linucb,standard
19,1915.0,0.6511204226635089,0.8657314629258517,hybrid_linucb,standard
20,1935.0,0.6474767717252687,0.8666423756604117,hybrid_linucb,standard
21,1918.0,0.6505738750227729,0.8640918200036436,hybrid_linucb,standard
22,1944.0,0.6458371288030607,0.8628165421752596,hybrid_linucb,standard
23,1907.0,0.6525778830388049,0.8673711058480598,hybrid_linucb,standard
24,1918.0,0.6505738750227729,0.8619056294406996,hybrid_linucb,standard
25,1933.0,0.6478411368190927,0.8646383676443796,hybrid_linucb,standard
26,1953.0,0.6441974858808526,0.8613590817999636,hybrid_linucb,standard
27,1925.0,0.6492985971943888,0.8688285662233558,hybrid_linucb,standard
28,1951.0,0.6445618509746767,0.8646383676443796,hybrid_linucb,standard
29,1928.0,0.6487520495536527,0.8664601931134998,hybrid_linucb,standard
30,1957.0,0.6434687556932046,0.8633630898159956,hybrid_linucb,standard
31,1922.0,0.6498451448351248,0.8680998360357077,hybrid_linucb,standard
32,1947.0,0.6452905811623246,0.8639096374567317,hybrid_linucb,standard
33,1942.0,0.6462014938968846,0.8655492803789397,hybrid_linucb,standard
34,1966.0,0.6418291127709965,0.8626343596283476,hybrid_linucb,standard
35,1905.0,0.6529422481326289,0.8686463836764438,hybrid_linucb,standard
36,1943.0,0.6460193113499727,0.8673711058480598,hybrid_linucb,standard
37,1950.0,0.6447440335215886,0.8626343596283476,hybrid_linucb,standard
38,1937.0,0.6471124066314448,0.8629987247221717,hybrid_linucb,standard
39,1933.0,0.6478411368190927,0.8664601931134998,hybrid_linucb,standard
40,1936.0,0.6472945891783567,0.8631809072690836,hybrid_linucb,standard
41,1954.0,0.6440153033339406,0.8619056294406996,hybrid_linucb,standard
42,1906.0,0.6527600655857169,0.8671889233011477,hybrid_linucb,standard
43,1924.0,0.6494807797413008,0.8695572964110039,hybrid_linucb,standard
44,1938.0,0.6469302240845327,0.8675532883949718,hybrid_linucb,standard
45,1977.0,0.6398251047549645,0.8602659865184915,hybrid_linucb,standard
46,1950.0,0.6447440335215886,0.8655492803789397,hybrid_linucb,standard
47,1925.0,0.6492985971943888,0.8640918200036436,hybrid_linucb,standard
48,1938.0,0.6469302240845327,0.8648205501912917,hybrid_linucb,standard
49,1930.0,0.6483876844598288,0.8693751138640918,hybrid_linucb,standard
0,725.0,0.6443796684277646,0.8679176534887958,hybrid_linucb,fuzzy
1,707.0,0.6494807797413008,0.8711969393332119,hybrid_linucb,fuzzy
2,707.0,0.6487520495536527,0.8711969393332119,hybrid_linucb,fuzzy
3,747.0,0.6411003825833486,0.8639096374567317,hybrid_linucb,fuzzy
4,767.0,0.6354527236290763,0.8602659865184915,hybrid_linucb,fuzzy
5,743.0,0.6425578429586446,0.8646383676443796,hybrid_linucb,fuzzy
6,733.0,0.6425578429586446,0.8664601931134998,hybrid_linucb,fuzzy
7,753.0,0.6370923665512844,0.8628165421752596,hybrid_linucb,fuzzy
8,749.0,0.6394607396611405,0.8635452723629077,hybrid_linucb,fuzzy
9,728.0,0.6432865731462926,0.8673711058480598,hybrid_linucb,fuzzy
10,708.0,0.6538531608671889,0.8710147567862999,hybrid_linucb,fuzzy
11,709.0,0.6518491528511569,0.8708325742393879,hybrid_linucb,fuzzy
12,726.0,0.6429222080524686,0.8677354709418837,hybrid_linucb,fuzzy
13,739.0,0.6405538349426125,0.8653670978320277,hybrid_linucb,fuzzy
14,713.0,0.6487520495536527,0.8701038440517398,hybrid_linucb,fuzzy
15,726.0,0.6492985971943888,0.8677354709418837,hybrid_linucb,fuzzy
16,737.0,0.6498451448351248,0.8657314629258517,hybrid_linucb,fuzzy
17,730.0,0.6443796684277646,0.8670067407542358,hybrid_linucb,fuzzy
18,714.0,0.6534887957733649,0.8699216615048279,hybrid_linucb,fuzzy
19,732.0,0.6445618509746767,0.8666423756604117,hybrid_linucb,fuzzy
20,717.0,0.6480233193660048,0.8693751138640918,hybrid_linucb,fuzzy
21,720.0,0.6513026052104208,0.8688285662233558,hybrid_linucb,fuzzy
22,716.0,0.6509382401165968,0.8695572964110039,hybrid_linucb,fuzzy
23,765.0,0.6412825651302605,0.8606303516123155,hybrid_linucb,fuzzy
24,709.0,0.657132446711605,0.8708325742393879,hybrid_linucb,fuzzy
25,748.0,0.6403716523957005,0.8637274549098196,hybrid_linucb,fuzzy
26,772.0,0.6305337948624522,0.8593550737839315,hybrid_linucb,fuzzy
27,727.0,0.6498451448351248,0.8675532883949718,hybrid_linucb,fuzzy
28,751.0,0.6405538349426125,0.8631809072690836,hybrid_linucb,fuzzy
29,755.0,0.6396429222080525,0.8624521770814356,hybrid_linucb,fuzzy
30,726.0,0.6438331207870286,0.8677354709418837,hybrid_linucb,fuzzy
31,690.0,0.654581891054837,0.874294042630716,hybrid_linucb,fuzzy
32,737.0,0.6443796684277646,0.8657314629258517,hybrid_linucb,fuzzy
33,726.0,0.6447440335215886,0.8677354709418837,hybrid_linucb,fuzzy
34,718.0,0.6496629622882127,0.8691929313171798,hybrid_linucb,fuzzy
35,715.0,0.6480233193660048,0.8697394789579158,hybrid_linucb,fuzzy
36,691.0,0.657861176899253,0.8741118600838039,hybrid_linucb,fuzzy
37,706.0,0.6523957004918929,0.8713791218801239,hybrid_linucb,fuzzy
38,752.0,0.6394607396611405,0.8629987247221717,hybrid_linucb,fuzzy
39,730.0,0.6431043905993806,0.8670067407542358,hybrid_linucb,fuzzy
40,733.0,0.6463836764437967,0.8664601931134998,hybrid_linucb,fuzzy
41,716.0,0.6489342321005648,0.8695572964110039,hybrid_linucb,fuzzy
42,747.0,0.6425578429586446,0.8639096374567317,hybrid_linucb,fuzzy
43,754.0,0.6431043905993806,0.8626343596283476,hybrid_linucb,fuzzy
44,731.0,0.6434687556932046,0.8668245582073237,hybrid_linucb,fuzzy
45,709.0,0.658225541993077,0.8708325742393879,hybrid_linucb,fuzzy
46,743.0,0.6420112953179086,0.8646383676443796,hybrid_linucb,fuzzy
47,739.0,0.6421934778648205,0.8653670978320277,hybrid_linucb,fuzzy
48,748.0,0.6447440335215886,0.8637274549098196,hybrid_linucb,fuzzy
49,760.0,0.6367280014574603,0.8615412643468756,hybrid_linucb,fuzzy
0,1933.0,0.6516669703042448,0.8702860265986518,hybrid_linucb,risk-sensitive
1,1945.0,0.6474767717252687,0.8666423756604117,hybrid_linucb,risk-sensitive
2,1920.0,0.6536709783202769,0.8691929313171798,hybrid_linucb,risk-sensitive
3,1935.0,0.6509382401165968,0.8684642011295318,hybrid_linucb,risk-sensitive
4,1936.0,0.6513026052104208,0.8688285662233558,hybrid_linucb,risk-sensitive
5,1948.0,0.6483876844598288,0.8682820185826198,hybrid_linucb,risk-sensitive
6,1985.0,0.6409182000364365,0.8628165421752596,hybrid_linucb,risk-sensitive
7,1960.0,0.6465658589907087,0.8646383676443796,hybrid_linucb,risk-sensitive
8,1926.0,0.6525778830388049,0.8686463836764438,hybrid_linucb,risk-sensitive
9,1907.0,0.656039351430133,0.8722900346146839,hybrid_linucb,risk-sensitive
10,1926.0,0.6522135179449808,0.8701038440517398,hybrid_linucb,risk-sensitive
11,1925.0,0.6514847877573329,0.8732009473492439,hybrid_linucb,risk-sensitive
12,1922.0,0.6523957004918929,0.8699216615048279,hybrid_linucb,risk-sensitive
13,1956.0,0.6485698670067408,0.8620878119876116,hybrid_linucb,risk-sensitive
14,1929.0,0.6518491528511569,0.8691929313171798,hybrid_linucb,risk-sensitive
15,1929.0,0.6520313353980689,0.8677354709418837,hybrid_linucb,risk-sensitive
16,1896.0,0.659136454727637,0.8713791218801239,hybrid_linucb,risk-sensitive
17,1928.0,0.6520313353980689,0.8686463836764438,hybrid_linucb,risk-sensitive
18,1992.0,0.6405538349426125,0.8619056294406996,hybrid_linucb,risk-sensitive
19,1917.0,0.6536709783202769,0.8699216615048279,hybrid_linucb,risk-sensitive
20,1929.0,0.6522135179449808,0.8682820185826198,hybrid_linucb,risk-sensitive
21,1960.0,0.6458371288030607,0.8651849152851157,hybrid_linucb,risk-sensitive
22,1952.0,0.6472945891783567,0.8659136454727637,hybrid_linucb,risk-sensitive
23,1945.0,0.6494807797413008,0.8628165421752596,hybrid_linucb,risk-sensitive
24,1924.0,0.6531244306795408,0.8708325742393879,hybrid_linucb,risk-sensitive
25,1909.0,0.6556749863363089,0.872472217161596,hybrid_linucb,risk-sensitive
26,1950.0,0.6474767717252687,0.8650027327382037,hybrid_linucb,risk-sensitive
27,1914.0,0.6534887957733649,0.8701038440517398,hybrid_linucb,risk-sensitive
28,1920.0,0.6538531608671889,0.8702860265986518,hybrid_linucb,risk-sensitive
29,1931.0,0.6511204226635089,0.8702860265986518,hybrid_linucb,risk-sensitive
30,1909.0,0.654946256148661,0.873565312443068,hybrid_linucb,risk-sensitive
31,1888.0,0.6602295500091091,0.8708325742393879,hybrid_linucb,risk-sensitive
32,1936.0,0.6498451448351248,0.8704682091455639,hybrid_linucb,risk-sensitive
33,1924.0,0.6525778830388049,0.8697394789579158,hybrid_linucb,risk-sensitive
34,1901.0,0.656950264164693,0.8706503916924758,hybrid_linucb,risk-sensitive
35,1917.0,0.654035343414101,0.8728365822554199,hybrid_linucb,risk-sensitive
36,1944.0,0.6491164146474768,0.8708325742393879,hybrid_linucb,risk-sensitive
37,1928.0,0.6513026052104208,0.8686463836764438,hybrid_linucb,risk-sensitive
38,1978.0,0.6432865731462926,0.8651849152851157,hybrid_linucb,risk-sensitive
39,1934.0,0.6500273273820368,0.8701038440517398,hybrid_linucb,risk-sensitive
40,1957.0,0.6462014938968846,0.8646383676443796,hybrid_linucb,risk-sensitive
41,1954.0,0.6474767717252687,0.8659136454727637,hybrid_linucb,risk-sensitive
42,1931.0,0.6516669703042448,0.8699216615048279,hybrid_linucb,risk-sensitive
43,1932.0,0.6505738750227729,0.8657314629258517,hybrid_linucb,risk-sensitive
44,1941.0,0.6496629622882127,0.8680998360357077,hybrid_linucb,risk-sensitive
45,1966.0,0.6456549462561486,0.8642740025505556,hybrid_linucb,risk-sensitive
46,1905.0,0.655310621242485,0.8711969393332119,hybrid_linucb,risk-sensitive
47,1895.0,0.6574968118054291,0.8719256695208599,hybrid_linucb,risk-sensitive
48,1940.0,0.6496629622882127,0.8722900346146839,hybrid_linucb,risk-sensitive
49,1939.0,0.6487520495536527,0.8679176534887958,hybrid_linucb,risk-sensitive
0,760.0,0.6394607396611405,0.8615412643468756,lasso,fuzzy
1,736.0,0.6436509382401165,0.8659136454727637,lasso,fuzzy
2,785.0,0.6338130807068683,0.8569867006740755,lasso,fuzzy
3,799.0,0.6327199854253962,0.8544361450173074,lasso,fuzzy
4,747.0,0.6452905811623246,0.8639096374567317,lasso,fuzzy
5,770.0,0.6347239934414283,0.8597194388777555,lasso,fuzzy
6,773.0,0.6420112953179086,0.8591728912370195,lasso,fuzzy
7,766.0,0.6363636363636364,0.8604481690654036,lasso,fuzzy
8,769.0,0.6392785571142284,0.8599016214246675,lasso,fuzzy
9,793.0,0.6374567316451084,0.8555292402987794,lasso,fuzzy
10,867.0,0.6112224448897795,0.842047731827291,lasso,fuzzy
11,717.0,0.6482055019129167,0.8693751138640918,lasso,fuzzy
12,722.0,0.6465658589907087,0.8684642011295318,lasso,fuzzy
13,747.0,0.6441974858808526,0.8639096374567317,lasso,fuzzy
14,788.0,0.6329021679723082,0.8564401530333394,lasso,fuzzy
15,783.0,0.6327199854253962,0.8573510657678994,lasso,fuzzy
16,760.0,0.6412825651302605,0.8615412643468756,lasso,fuzzy
17,785.0,0.6325378028784843,0.8569867006740755,lasso,fuzzy
18,737.0,0.6411003825833486,0.8657314629258517,lasso,fuzzy
19,785.0,0.6341774458006922,0.8569867006740755,lasso,fuzzy
20,753.0,0.6387320094734924,0.8628165421752596,lasso,fuzzy
21,759.0,0.6374567316451084,0.8617234468937875,lasso,fuzzy
22,834.0,0.6210603024230279,0.8480597558753872,lasso,fuzzy
23,734.0,0.6456549462561486,0.8662780105665877,lasso,fuzzy
24,756.0,0.6394607396611405,0.8622699945345236,lasso,fuzzy
25,794.0,0.6352705410821643,0.8553470577518674,lasso,fuzzy
26,751.0,0.6389141920204044,0.8631809072690836,lasso,fuzzy
27,759.0,0.6416469302240845,0.8617234468937875,lasso,fuzzy
28,760.0,0.6409182000364365,0.8615412643468756,lasso,fuzzy
29,732.0,0.6496629622882127,0.8666423756604117,lasso,fuzzy
30,820.0,0.6199672071415558,0.8506103115321553,lasso,fuzzy
31,795.0,0.6265257788303881,0.8551648752049553,lasso,fuzzy
32,770.0,0.6319912552377482,0.8597194388777555,lasso,fuzzy
33,742.0,0.6380032792858444,0.8648205501912917,lasso,fuzzy
34,734.0,0.6509382401165968,0.8662780105665877,lasso,fuzzy
35,737.0,0.6434687556932046,0.8657314629258517,lasso,fuzzy
36,746.0,0.6367280014574603,0.8640918200036436,lasso,fuzzy
37,834.0,0.6208781198761159,0.8480597558753872,lasso,fuzzy
38,771.0,0.6378210967389324,0.8595372563308435,lasso,fuzzy
39,866.0,0.6090362543268355,0.8422299143742029,lasso,fuzzy
40,764.0,0.6381854618327564,0.8608125341592275,lasso,fuzzy
41,742.0,0.6423756604117326,0.8648205501912917,lasso,fuzzy
42,743.0,0.6436509382401165,0.8646383676443796,lasso,fuzzy
43,784.0,0.6356349061759884,0.8571688832209874,lasso,fuzzy
44,762.0,0.6400072873018765,0.8611768992530515,lasso,fuzzy
45,791.0,0.6308981599562762,0.8558936053926034,lasso,fuzzy
46,778.0,0.6325378028784843,0.8582619785024594,lasso,fuzzy
47,754.0,0.6392785571142284,0.8626343596283476,lasso,fuzzy
48,815.0,0.625068318455092,0.8515212242667153,lasso,fuzzy
49,783.0,0.6352705410821643,0.8573510657678994,lasso,fuzzy
0,8580.065714285704,0.4873383129896156,0.7347422116961195,lasso,proportional
1,8896.157142857148,0.5414465294224813,0.7735470941883767,lasso,proportional
2,8495.939999999984,0.5418108945163054,0.7864820550191292,lasso,proportional
3,8630.977142857126,0.5028238294771361,0.7589724904354163,lasso,proportional
4,8424.417142857123,0.4917106941155037,0.7456731645108399,lasso,proportional
5,8830.017142857141,0.4856986700674075,0.7276370923665513,lasso,proportional
6,8749.577142857088,0.5388959737657133,0.7784660229550009,lasso,proportional
7,8572.88857142856,0.5124795044634723,0.7589724904354163,lasso,proportional
8,9483.202857142855,0.47695390781563124,0.7010384405173984,lasso,proportional
9,8733.662857142837,0.5478229185644016,0.7866642375660412,lasso,proportional
10,8499.554285714285,0.5133904171980325,0.7558753871379121,lasso,proportional
11,9387.965714285703,0.47312807433047915,0.718345782474039,lasso,proportional
12,8361.705714285694,0.5161231554017125,0.7591546729823283,lasso,proportional
13,8808.67714285716,0.4891601384587356,0.7429404263071597,lasso,proportional
14,8894.522857142854,0.5370741482965932,0.7706321734377847,lasso,proportional
15,8565.645714285698,0.56221533977045,0.7946802696301695,lasso,proportional
16,8820.6257142857,0.5487338312989616,0.7862998724722171,lasso,proportional
17,8598.368571428551,0.5257788303880488,0.7722718163599928,lasso,proportional
18,8542.048571428559,0.5183093459646566,0.7640736017489524,lasso,proportional
19,8464.565714285709,0.5153944252140645,0.7569684824193842,lasso,proportional
20,8881.917142857148,0.5580251411914738,0.7985061031153216,lasso,proportional
21,8907.722857142862,0.5733284751320823,0.7997813809437055,lasso,proportional
22,8668.831428571422,0.5204955365276006,0.7631626890143924,lasso,proportional
23,8396.18285714284,0.5277828384040809,0.7753689196574968,lasso,proportional
24,8840.837142857132,0.48351247950446347,0.7380214975405356,lasso,proportional
25,8752.748571428572,0.4642011295317909,0.7156130442703589,lasso,proportional
26,8710.745714285704,0.5372563308435052,0.779741300783385,lasso,proportional
27,8650.408571428552,0.436509382401166,0.6988522499544544,lasso,proportional
28,8642.765714285693,0.43523410457278194,0.6902896702495901,lasso,proportional
29,8660.414285714292,0.5538349426124978,0.7859355073783931,lasso,proportional
30,8743.060000000021,0.5234104572781928,0.7735470941883767,lasso,proportional
31,8612.24857142857,0.4634723993441428,0.7207141555838951,lasso,proportional
32,8648.279999999984,0.5485516487520495,0.7890326106758973,lasso,proportional
33,8895.457142857143,0.5097467662597923,0.7571506649662962,lasso,proportional
34,8287.89714285715,0.5501912916742576,0.7895791583166333,lasso,proportional
35,9610.157142857144,0.4607396611404627,0.6955729641100382,lasso,proportional
36,8652.357142857121,0.5077427582437603,0.7556932045910002,lasso,proportional
37,8574.442857142858,0.5908179996356349,0.8312989615594826,lasso,proportional
38,8644.062857142851,0.5684095463654582,0.7999635634906176,lasso,proportional
39,8480.945714285717,0.4867917653488796,0.7394789579158316,lasso,proportional
40,8599.582857142865,0.5077427582437603,0.7489524503552559,lasso,proportional
41,8812.131428571414,0.4880670431772636,0.7383858626343597,lasso,proportional
42,8906.514285714291,0.5210420841683366,0.7635270541082164,lasso,proportional
43,8627.085714285697,0.5682273638185462,0.8057934049918017,lasso,proportional
44,8515.157142857133,0.4215704135543815,0.6890143924212061,lasso,proportional
45,8711.119999999994,0.4556385498269266,0.7165239570049189,lasso,proportional
46,8916.079999999982,0.4822372016760794,0.7225359810530151,lasso,proportional
47,8646.882857142844,0.5115685917289123,0.7576972126070323,lasso,proportional
48,8507.194285714284,0.5383494261249773,0.781380943705593,lasso,proportional
49,8891.108571428556,0.4649298597194389,0.717252687192567,lasso,proportional
0,1168.3062500000021,0.6482055019129167,0.8671889233011477,lasso,hill-climbing
1,1191.1625000000015,0.6418291127709965,0.8640918200036436,lasso,hill-climbing
2,1190.2562500000004,0.6412825651302605,0.8650027327382037,lasso,hill-climbing
3,1152.4875000000022,0.6527600655857169,0.8691929313171798,lasso,hill-climbing
4,1203.9812500000007,0.6403716523957005,0.8602659865184915,lasso,hill-climbing
5,1178.8625000000025,0.6454727637092367,0.8655492803789397,lasso,hill-climbing
6,1166.5562500000028,0.6489342321005648,0.8671889233011477,lasso,hill-climbing
7,1173.525000000001,0.6451083986154127,0.8680998360357077,lasso,hill-climbing
8,1167.887500000002,0.6489342321005648,0.8666423756604117,lasso,hill-climbing
9,1199.9937500000005,0.6405538349426125,0.8617234468937875,lasso,hill-climbing
10,1171.3937500000013,0.6476589542721807,0.8664601931134998,lasso,hill-climbing
11,1201.3374999999996,0.6409182000364365,0.8608125341592275,lasso,hill-climbing
12,1180.1937500000024,0.6454727637092367,0.8650027327382037,lasso,hill-climbing
13,1163.9625000000028,0.6509382401165968,0.8662780105665877,lasso,hill-climbing
14,1170.5625000000016,0.6492985971943888,0.8651849152851157,lasso,hill-climbing
15,1176.6750000000022,0.6463836764437967,0.8655492803789397,lasso,hill-climbing
16,1206.6249999999995,0.6398251047549645,0.8597194388777555,lasso,hill-climbing
17,1225.5312500000002,0.6347239934414283,0.8569867006740755,lasso,hill-climbing
18,1176.262500000002,0.6472945891783567,0.8648205501912917,lasso,hill-climbing
19,1160.0250000000033,0.6525778830388049,0.8662780105665877,lasso,hill-climbing
20,1179.3500000000013,0.6467480415376207,0.8640918200036436,lasso,hill-climbing
21,1177.0937500000016,0.6456549462561486,0.8660958280196757,lasso,hill-climbing
22,1208.3187500000001,0.6374567316451084,0.8613590817999636,lasso,hill-climbing
23,1195.5812500000009,0.6412825651302605,0.8628165421752596,lasso,hill-climbing
24,1196.4937499999992,0.6420112953179086,0.8617234468937875,lasso,hill-climbing
25,1189.4062500000011,0.6423756604117326,0.8642740025505556,lasso,hill-climbing
26,1164.3500000000022,0.6492985971943888,0.8677354709418837,lasso,hill-climbing
27,1255.9437499999979,0.6287119693933321,0.8504281289852432,lasso,hill-climbing
28,1205.712499999999,0.6390963745673165,0.8608125341592275,lasso,hill-climbing
29,1209.2124999999999,0.6376389141920205,0.8608125341592275,lasso,hill-climbing
30,1217.0750000000003,0.6339952632537803,0.8611768992530515,lasso,hill-climbing
31,1192.0812500000015,0.6427400255055565,0.8628165421752596,lasso,hill-climbing
32,1207.8749999999998,0.6374567316451084,0.8615412643468756,lasso,hill-climbing
33,1193.8187500000008,0.6416469302240845,0.8631809072690836,lasso,hill-climbing
34,1170.962500000003,0.6480233193660048,0.8662780105665877,lasso,hill-climbing
35,1154.612500000003,0.6500273273820368,0.8710147567862999,lasso,hill-climbing
36,1152.8937500000031,0.6516669703042448,0.8701038440517398,lasso,hill-climbing
37,1155.5562500000037,0.6516669703042448,0.8690107487702678,lasso,hill-climbing
38,1215.8374999999987,0.6367280014574603,0.8589907086901075,lasso,hill-climbing
39,1197.3437500000011,0.6409182000364365,0.8624521770814356,lasso,hill-climbing
40,1180.6062500000007,0.6445618509746767,0.8657314629258517,lasso,hill-climbing
41,1166.506250000002,0.6474767717252687,0.8686463836764438,lasso,hill-climbing
42,1174.918750000002,0.6469302240845327,0.8657314629258517,lasso,hill-climbing
43,1219.7687499999984,0.6349061759883403,0.8591728912370195,lasso,hill-climbing
44,1214.0812499999984,0.6372745490981964,0.8591728912370195,lasso,hill-climbing
45,1203.9937499999996,0.6407360174895245,0.8599016214246675,lasso,hill-climbing
46,1185.943750000001,0.6449262160685006,0.8631809072690836,lasso,hill-climbing
47,1193.9187499999994,0.6445618509746767,0.8602659865184915,lasso,hill-climbing
48,1193.812500000001,0.6414647476771725,0.8633630898159956,lasso,hill-climbing
49,1196.4812500000007,0.6416469302240845,0.8620878119876116,lasso,hill-climbing
0,1933.0,0.6478411368190927,0.8639096374567317,lasso,standard
1,1970.0,0.6411003825833486,0.8602659865184915,lasso,standard
2,1917.0,0.6507560575696848,0.8668245582073237,lasso,standard
3,1967.0,0.6416469302240845,0.8604481690654036,lasso,standard
4,1934.0,0.6476589542721807,0.8670067407542358,lasso,standard
5,1955.0,0.6438331207870286,0.8653670978320277,lasso,standard
6,2129.0,0.6121333576243396,0.842412096921115,lasso,standard
7,1967.0,0.6416469302240845,0.8606303516123155,lasso,standard
8,1976.0,0.6400072873018765,0.8629987247221717,lasso,standard
9,1949.0,0.6449262160685006,0.8624521770814356,lasso,standard
10,1934.0,0.6476589542721807,0.8662780105665877,lasso,standard
11,2001.0,0.6354527236290763,0.8573510657678994,lasso,standard
12,1942.0,0.6462014938968846,0.8664601931134998,lasso,standard
13,1967.0,0.6416469302240845,0.8635452723629077,lasso,standard
14,1940.0,0.6465658589907087,0.8646383676443796,lasso,standard
15,1989.0,0.6376389141920205,0.8580797959555475,lasso,standard
16,1956.0,0.6436509382401165,0.8615412643468756,lasso,standard
17,1943.0,0.6460193113499727,0.8651849152851157,lasso,standard
18,1991.0,0.6372745490981964,0.8573510657678994,lasso,standard
19,1973.0,0.6405538349426125,0.8611768992530515,lasso,standard
20,1946.0,0.6454727637092367,0.8648205501912917,lasso,standard
21,1943.0,0.6460193113499727,0.8635452723629077,lasso,standard
22,1954.0,0.6440153033339406,0.8637274549098196,lasso,standard
23,1897.0,0.654399708507925,0.8704682091455639,lasso,standard
24,2131.0,0.6117689925305155,0.844962652577883,lasso,standard
25,1968.0,0.6414647476771725,0.8631809072690836,lasso,standard
26,1972.0,0.6407360174895245,0.8584441610493715,lasso,standard
27,1922.0,0.6498451448351248,0.8659136454727637,lasso,standard
28,1954.0,0.6440153033339406,0.8642740025505556,lasso,standard
29,1954.0,0.6440153033339406,0.8600838039715796,lasso,standard
30,1979.0,0.6394607396611405,0.8593550737839315,lasso,standard
31,1953.0,0.6441974858808526,0.8659136454727637,lasso,standard
32,1996.0,0.6363636363636364,0.8584441610493715,lasso,standard
33,1956.0,0.6436509382401165,0.8626343596283476,lasso,standard
34,2017.0,0.6325378028784843,0.8571688832209874,lasso,standard
35,1993.0,0.6369101840043724,0.8582619785024594,lasso,standard
36,1953.0,0.6441974858808526,0.8626343596283476,lasso,standard
37,1915.0,0.6511204226635089,0.8664601931134998,lasso,standard
38,1927.0,0.6489342321005648,0.8660958280196757,lasso,standard
39,1962.0,0.6425578429586446,0.8631809072690836,lasso,standard
40,1985.0,0.6383676443796684,0.8595372563308435,lasso,standard
41,1987.0,0.6380032792858444,0.8575332483148115,lasso,standard
42,1941.0,0.6463836764437967,0.8635452723629077,lasso,standard
43,1976.0,0.6400072873018765,0.8599016214246675,lasso,standard
44,1967.0,0.6416469302240845,0.8639096374567317,lasso,standard
45,1959.0,0.6431043905993806,0.8633630898159956,lasso,standard
46,1978.0,0.6396429222080525,0.8620878119876116,lasso,standard
47,1943.0,0.6460193113499727,0.8602659865184915,lasso,standard
48,1968.0,0.6414647476771725,0.8599016214246675,lasso,standard
49,2091.0,0.6190562944069958,0.8484241209692112,lasso,standard
50,1942.0,0.6462014938968846,0.8626343596283476,lasso,standard
51,1971.0,0.6409182000364365,0.8615412643468756,lasso,standard
52,2000.0,0.6356349061759884,0.8580797959555475,lasso,standard
53,1956.0,0.6436509382401165,0.8611768992530515,lasso,standard
54,1941.0,0.6463836764437967,0.8659136454727637,lasso,standard
55,1960.0,0.6429222080524686,0.8619056294406996,lasso,standard
56,1969.0,0.6412825651302605,0.8608125341592275,lasso,standard
57,1938.0,0.6469302240845327,0.8642740025505556,lasso,standard
58,1930.0,0.6483876844598288,0.8628165421752596,lasso,standard
59,1979.0,0.6394607396611405,0.8595372563308435,lasso,standard
0,736.7107534970783,0.5651302605210421,0.8006922936782657,lasso,prob-based
1,833.2968883858208,0.6201493896884679,0.8374931681544908,lasso,prob-based
2,893.9539245107153,0.5552924029877938,0.7881216979413372,lasso,prob-based
3,873.9582763155365,0.6361814538167243,0.8582619785024594,lasso,prob-based
4,906.025386034962,0.5685917289123702,0.7999635634906176,lasso,prob-based
5,1021.3555237216345,0.5210420841683366,0.7730005465476407,lasso,prob-based
6,991.6594042694192,0.530879941701585,0.7750045545636728,lasso,prob-based
7,1178.1657271006484,0.5594826015667699,0.7941337219894334,lasso,prob-based
8,940.3205766677729,0.6334487156130443,0.8500637638914192,lasso,prob-based
9,840.8746464012766,0.5984696666059391,0.8205501912916743,lasso,prob-based
10,897.7986325924858,0.6174166514847877,0.8418655492803789,lasso,prob-based
11,993.2030191804513,0.5720531973036983,0.7965020950992895,lasso,prob-based
12,1184.308202665092,0.6035707779194753,0.8294771360903626,lasso,prob-based
13,830.2079958336992,0.530333394060849,0.7626161413736564,lasso,prob-based
14,973.3797226062638,0.564401530333394,0.782109673893241,lasso,prob-based
15,844.6505191365759,0.6179631991255238,0.843323009655675,lasso,prob-based
16,769.3114737232303,0.6358170887229003,0.8476953907815631,lasso,prob-based
17,1104.761316789558,0.5438149025323374,0.7633448715613044,lasso,prob-based
18,775.5263718470445,0.5893605392603388,0.8150847148843141,lasso,prob-based
19,849.5422446055962,0.5684095463654582,0.7986882856622336,lasso,prob-based
20,851.8001540424157,0.531790854436145,0.7709965385316087,lasso,prob-based
21,850.9575870656414,0.5332483148114411,0.7737292767352888,lasso,prob-based
22,989.9311279819296,0.5536527600655857,0.7715430861723447,lasso,prob-based
23,998.704858013668,0.6066678812169795,0.8258334851521224,lasso,prob-based
24,889.2789029165033,0.6002914920750592,0.8261978502459464,lasso,prob-based
25,1122.1108674132229,0.596283476042995,0.8271087629805065,lasso,prob-based
26,944.3618048303816,0.5729641100382583,0.7968664601931135,lasso,prob-based
27,987.2361947296673,0.5684095463654582,0.7924940790672254,lasso,prob-based
28,739.7553876358553,0.5804335944616505,0.810530151211514,lasso,prob-based
29,1139.554119293794,0.5418108945163054,0.779194753142649,lasso,prob-based
30,851.5283382786566,0.6177810165786117,0.8460557478593551,lasso,prob-based
31,978.596613525808,0.5846237930406267,0.8092548733831298,lasso,prob-based
32,717.8335573566987,0.6281654217525962,0.845691382765531,lasso,prob-based
33,1132.3489558565173,0.5388959737657133,0.7775551102204409,lasso,prob-based
34,865.8334532219336,0.5824376024776826,0.8176352705410822,lasso,prob-based
35,1001.2278551541624,0.562397522317362,0.7985061031153216,lasso,prob-based
36,711.1062997845034,0.6283476042995081,0.844416104937147,lasso,prob-based
37,700.238406845405,0.5975587538713791,0.8249225724175624,lasso,prob-based
38,854.3197148751269,0.6146839132811077,0.8333029695755146,lasso,prob-based
39,846.1230050749815,0.5955547458553471,0.8169065403534341,lasso,prob-based
40,970.3201265798629,0.6183275642193478,0.8471488431408271,lasso,prob-based
41,902.8237488843827,0.5467298232829295,0.7846602295500091,lasso,prob-based
42,849.9172342670954,0.5727819274913464,0.8041537620695938,lasso,prob-based
43,960.353244259841,0.533977044999089,0.7668063399526326,lasso,prob-based
44,959.0621026529949,0.6310803425031882,0.8496993987975952,lasso,prob-based
45,1021.7510423976025,0.5268719256695209,0.7704499908908726,lasso,prob-based
46,944.8854680344892,0.5410821643286573,0.780287848424121,lasso,prob-based
47,874.1507357652044,0.562944069958098,0.8010566587720896,lasso,prob-based
48,876.384787681486,0.6196028420477319,0.8389506285297869,lasso,prob-based
49,954.1354237149878,0.6028420477318273,0.8267443978866824,lasso,prob-based
50,875.1518612280439,0.5582073237383859,0.7990526507560576,lasso,prob-based
51,854.7581724771653,0.6086718892330115,0.8276553106212425,lasso,prob-based
52,929.0054216787942,0.5910001821825469,0.8187283658225541,lasso,prob-based
53,822.5887773196114,0.6114046274366916,0.8336673346693386,lasso,prob-based
54,827.7143383979457,0.6110402623428676,0.8331207870286027,lasso,prob-based
55,999.7453879768069,0.595008198214611,0.8178174530879941,lasso,prob-based
56,950.6029615971095,0.5735106576789943,0.8045181271634178,lasso,prob-based
57,954.8236737646935,0.5274184733102569,0.7571506649662962,lasso,prob-based
58,962.7706849530541,0.596283476042995,0.8198214611040262,lasso,prob-based
59,881.7834430710575,0.6121333576243396,0.8249225724175624,lasso,prob-based
0,1976.0,0.6451083986154127,0.8609947167061396,lasso,risk-sensitive
1,1982.0,0.6420112953179086,0.8604481690654036,lasso,risk-sensitive
2,1947.0,0.6480233193660048,0.8670067407542358,lasso,risk-sensitive
3,1950.0,0.6471124066314448,0.8648205501912917,lasso,risk-sensitive
4,2000.0,0.6380032792858444,0.8573510657678994,lasso,risk-sensitive
5,1951.0,0.6471124066314448,0.8648205501912917,lasso,risk-sensitive
6,1977.0,0.6420112953179086,0.8633630898159956,lasso,risk-sensitive
7,1945.0,0.6482055019129167,0.8666423756604117,lasso,risk-sensitive
8,1983.0,0.6409182000364365,0.8606303516123155,lasso,risk-sensitive
9,1973.0,0.6429222080524686,0.8650027327382037,lasso,risk-sensitive
10,1968.0,0.6452905811623246,0.8637274549098196,lasso,risk-sensitive
11,1955.0,0.6467480415376207,0.8631809072690836,lasso,risk-sensitive
12,1967.0,0.6436509382401165,0.8653670978320277,lasso,risk-sensitive
13,1977.0,0.6431043905993806,0.8600838039715796,lasso,risk-sensitive
14,1963.0,0.6449262160685006,0.8666423756604117,lasso,risk-sensitive
15,1939.0,0.6491164146474768,0.8659136454727637,lasso,risk-sensitive
16,1971.0,0.6451083986154127,0.8609947167061396,lasso,risk-sensitive
17,1953.0,0.6478411368190927,0.8673711058480598,lasso,risk-sensitive
18,1943.0,0.6483876844598288,0.8629987247221717,lasso,risk-sensitive
19,1932.0,0.6505738750227729,0.8671889233011477,lasso,risk-sensitive
20,1949.0,0.6463836764437967,0.8677354709418837,lasso,risk-sensitive
21,1948.0,0.6469302240845327,0.8675532883949718,lasso,risk-sensitive
22,2010.0,0.6374567316451084,0.8555292402987794,lasso,risk-sensitive
23,2021.0,0.6343596283476043,0.8549826926580434,lasso,risk-sensitive
24,1937.0,0.6500273273820368,0.8650027327382037,lasso,risk-sensitive
25,1982.0,0.6423756604117326,0.8629987247221717,lasso,risk-sensitive
26,1960.0,0.6462014938968846,0.8629987247221717,lasso,risk-sensitive
27,1971.0,0.6432865731462926,0.8635452723629077,lasso,risk-sensitive
28,1961.0,0.6467480415376207,0.8640918200036436,lasso,risk-sensitive
29,1983.0,0.6400072873018765,0.8604481690654036,lasso,risk-sensitive
30,1951.0,0.6471124066314448,0.8671889233011477,lasso,risk-sensitive
31,1977.0,0.6418291127709965,0.8619056294406996,lasso,risk-sensitive
32,1975.0,0.6429222080524686,0.8613590817999636,lasso,risk-sensitive
33,1954.0,0.6469302240845327,0.8644561850974677,lasso,risk-sensitive
34,2030.0,0.6316268901439243,0.8555292402987794,lasso,risk-sensitive
35,1925.0,0.6518491528511569,0.8704682091455639,lasso,risk-sensitive
36,1986.0,0.6409182000364365,0.8639096374567317,lasso,risk-sensitive
37,2006.0,0.6385498269265805,0.8593550737839315,lasso,risk-sensitive
38,1993.0,0.6398251047549645,0.8599016214246675,lasso,risk-sensitive
39,1965.0,0.6443796684277646,0.8639096374567317,lasso,risk-sensitive
40,1971.0,0.6434687556932046,0.8624521770814356,lasso,risk-sensitive
41,2158.0,0.6099471670613955,0.841136819092731,lasso,risk-sensitive
42,1967.0,0.6441974858808526,0.8628165421752596,lasso,risk-sensitive
43,1924.0,0.6527600655857169,0.8682820185826198,lasso,risk-sensitive
44,1937.0,0.6500273273820368,0.8653670978320277,lasso,risk-sensitive
45,1976.0,0.6425578429586446,0.8617234468937875,lasso,risk-sensitive
46,1972.0,0.6431043905993806,0.8619056294406996,lasso,risk-sensitive
47,1994.0,0.6400072873018765,0.8617234468937875,lasso,risk-sensitive
48,1983.0,0.6429222080524686,0.8622699945345236,lasso,risk-sensitive
49,1944.0,0.6492985971943888,0.8668245582073237,lasso,risk-sensitive
50,2002.0,0.6390963745673165,0.8589907086901075,lasso,risk-sensitive
51,2018.0,0.6345418108945163,0.8578976134086355,lasso,risk-sensitive
52,2068.0,0.6294406995809801,0.8520677719074513,lasso,risk-sensitive
53,1967.0,0.6467480415376207,0.8608125341592275,lasso,risk-sensitive
54,1945.0,0.6492985971943888,0.8650027327382037,lasso,risk-sensitive
55,2006.0,0.6369101840043724,0.8604481690654036,lasso,risk-sensitive
56,1964.0,0.6451083986154127,0.8664601931134998,lasso,risk-sensitive
57,1984.0,0.6409182000364365,0.8620878119876116,lasso,risk-sensitive
58,1947.0,0.6476589542721807,0.8693751138640918,lasso,risk-sensitive
59,1957.0,0.6472945891783567,0.8651849152851157,lasso,risk-sensitive
0,9232.151428571411,0.4432501366369102,0.6813627254509018,greedy_first,proportional
1,8876.197142857141,0.5048278374931682,0.7546001093095281,greedy_first,proportional
2,9065.685714285682,0.5263253780287849,0.7700856257970486,greedy_first,proportional
3,9383.234285714272,0.5104754964474403,0.7522317361996721,greedy_first,proportional
4,10479.971428571444,0.43523410457278194,0.6456549462561486,greedy_first,proportional
5,9225.902857142835,0.5230460921843687,0.7484059027145199,greedy_first,proportional
6,8912.305714285709,0.5392603388595373,0.7770085625797049,greedy_first,proportional
7,10015.717142857113,0.43195481872836583,0.6748041537620696,greedy_first,proportional
8,9727.568571428565,0.40061942065950085,0.6396429222080525,greedy_first,proportional
9,8706.591428571444,0.5525596647841137,0.7901257059573693,greedy_first,proportional
10,9070.711428571407,0.4155583895062853,0.6680633995263254,greedy_first,proportional
11,9565.717142857115,0.3876844598287484,0.6305337948624522,greedy_first,proportional
12,9025.528571428571,0.5283293860448169,0.7737292767352888,greedy_first,proportional
13,8736.625714285707,0.4942612497722718,0.7453087994170159,greedy_first,proportional
14,9327.268571428544,0.44252140644926213,0.6789943523410458,greedy_first,proportional
15,8785.840000000006,0.5449079978138094,0.7817453087994171,greedy_first,proportional
16,9070.991428571419,0.5398068865002733,0.7759154672982328,greedy_first,proportional
17,8746.362857142853,0.48697394789579157,0.7352887593368556,greedy_first,proportional
18,10057.299999999994,0.45144835124795046,0.6800874476225177,greedy_first,proportional
19,9466.254285714245,0.4631080342503188,0.7030424485334305,greedy_first,proportional
20,9221.171428571426,0.4928037893969758,0.7327382036800875,greedy_first,proportional
21,8875.648571428563,0.4780470030971033,0.7263618145381673,greedy_first,proportional
22,11781.117142857162,0.35179449808708324,0.5669520859901621,greedy_first,proportional
23,9332.494285714281,0.4944434323191838,0.7307341956640554,greedy_first,proportional
24,9149.274285714271,0.5529240298779377,0.7912188012388414,greedy_first,proportional
25,9448.65142857145,0.37985061031153217,0.6298050646748041,greedy_first,proportional
26,9675.211428571427,0.46693386773547096,0.7092366551284387,greedy_first,proportional
27,10707.4314285714,0.39041719803242847,0.6281654217525962,greedy_first,proportional
28,8825.265714285717,0.5394425214064492,0.782474038987065,greedy_first,proportional
29,8882.085714285693,0.5099289488067044,0.75204955365276,greedy_first,proportional
30,9534.145714285687,0.3873200947349244,0.6347239934414283,greedy_first,proportional
31,9943.14285714284,0.3840408088905083,0.6106758972490436,greedy_first,proportional
32,9095.505714285699,0.44488977955911824,0.6970304244853343,greedy_first,proportional
33,9795.865714285712,0.40098378575332483,0.6443796684277646,greedy_first,proportional
34,9430.877142857142,0.4649298597194389,0.6975769721260703,greedy_first,proportional
35,9008.897142857124,0.4091820003643651,0.6642375660411732,greedy_first,proportional
36,9870.319999999978,0.4201129531790854,0.659136454727637,greedy_first,proportional
37,9162.537142857134,0.4966296228821279,0.7425760612133357,greedy_first,proportional
38,9841.405714285685,0.44543632719985427,0.6948442339223903,greedy_first,proportional
39,9804.877142857154,0.42302787392967756,0.6602295500091091,greedy_first,proportional
40,9631.442857142827,0.4337766441974859,0.6706139551830934,greedy_first,proportional
41,9168.63428571426,0.5370741482965932,0.7668063399526326,greedy_first,proportional
42,10275.994285714276,0.44580069229367825,0.6937511386409182,greedy_first,proportional
43,9664.391428571405,0.499908908726544,0.7254509018036072,greedy_first,proportional
44,9300.71428571428,0.4977227181635999,0.7230825286937511,greedy_first,proportional
45,9117.768571428542,0.4281289852432137,0.6780834396064856,greedy_first,proportional
46,8908.245714285706,0.4873383129896156,0.7323738385862635,greedy_first,proportional
47,9336.345714285693,0.5286937511386409,0.7607943159045364,greedy_first,proportional
48,9530.565714285722,0.5299690289670249,0.7709965385316087,greedy_first,proportional
49,9077.51428571428,0.49590089269447984,0.7391145928220076,greedy_first,proportional
0,950.0,0.6050282382947714,0.8269265804335945,greedy_first,fuzzy
1,874.0,0.6101293496083076,0.8407724539989069,greedy_first,fuzzy
2,791.0,0.6339952632537803,0.8558936053926034,greedy_first,fuzzy
3,914.0,0.6057569684824193,0.8334851521224267,greedy_first,fuzzy
4,845.0,0.6214246675168519,0.8460557478593551,greedy_first,fuzzy
5,826.0,0.6217890326106759,0.8495172162506832,greedy_first,fuzzy
6,786.0,0.6354527236290763,0.8568045181271634,greedy_first,fuzzy
7,811.0,0.6199672071415558,0.8522499544543632,greedy_first,fuzzy
8,793.0,0.6339952632537803,0.8555292402987794,greedy_first,fuzzy
9,858.0,0.6183275642193478,0.843687374749499,greedy_first,fuzzy
10,784.0,0.6356349061759884,0.8571688832209874,greedy_first,fuzzy
11,969.0,0.596283476042995,0.8234651120422664,greedy_first,fuzzy
12,869.0,0.6216068500637639,0.8416833667334669,greedy_first,fuzzy
13,846.0,0.6214246675168519,0.8458735653124431,greedy_first,fuzzy
14,839.0,0.6179631991255238,0.8471488431408271,greedy_first,fuzzy
15,840.0,0.6214246675168519,0.8469666605939151,greedy_first,fuzzy
16,889.0,0.6145017307341957,0.8380397157952268,greedy_first,fuzzy
17,817.0,0.6303516123155402,0.8511568591728912,greedy_first,fuzzy
18,825.0,0.6338130807068683,0.8496993987975952,greedy_first,fuzzy
19,921.0,0.6008380397157952,0.8322098742940426,greedy_first,fuzzy
20,832.0,0.6197850245946438,0.8484241209692112,greedy_first,fuzzy
21,769.0,0.6354527236290763,0.8599016214246675,greedy_first,fuzzy
22,853.0,0.6155948260156677,0.8445982874840591,greedy_first,fuzzy
23,850.0,0.6214246675168519,0.845144835124795,greedy_first,fuzzy
24,810.0,0.624157405720532,0.8524321370012753,greedy_first,fuzzy
25,831.0,0.624339588267444,0.8486063035161232,greedy_first,fuzzy
26,785.0,0.6327199854253962,0.8569867006740755,greedy_first,fuzzy
27,830.0,0.6221533977045,0.8487884860630351,greedy_first,fuzzy
28,875.0,0.6101293496083076,0.8405902714519949,greedy_first,fuzzy
29,795.0,0.6319912552377482,0.8551648752049553,greedy_first,fuzzy
30,784.0,0.6385498269265805,0.8571688832209874,greedy_first,fuzzy
31,852.0,0.6225177627983239,0.844780470030971,greedy_first,fuzzy
32,784.0,0.6288941519402441,0.8571688832209874,greedy_first,fuzzy
33,807.0,0.6329021679723082,0.8529786846420113,greedy_first,fuzzy
34,811.0,0.6307159774093641,0.8522499544543632,greedy_first,fuzzy
35,958.0,0.6030242302787393,0.8254691200582984,greedy_first,fuzzy
36,874.0,0.6128620878119876,0.8407724539989069,greedy_first,fuzzy
37,914.0,0.5964656585899071,0.8334851521224267,greedy_first,fuzzy
38,830.0,0.6247039533612679,0.8487884860630351,greedy_first,fuzzy
39,816.0,0.6307159774093641,0.8513390417198032,greedy_first,fuzzy
40,892.0,0.6072144288577155,0.8374931681544908,greedy_first,fuzzy
41,893.0,0.6128620878119876,0.8373109856075788,greedy_first,fuzzy
42,819.0,0.6287119693933321,0.8507924940790672,greedy_first,fuzzy
43,875.0,0.6192384769539078,0.8405902714519949,greedy_first,fuzzy
44,778.0,0.6327199854253962,0.8582619785024594,greedy_first,fuzzy
45,976.0,0.5973765713244671,0.8221898342138824,greedy_first,fuzzy
46,732.0,0.6467480415376207,0.8666423756604117,greedy_first,fuzzy
47,760.0,0.6385498269265805,0.8615412643468756,greedy_first,fuzzy
48,776.0,0.6308981599562762,0.8586263435962834,greedy_first,fuzzy
49,929.0,0.6030242302787393,0.8307524139187465,greedy_first,fuzzy
0,543.4025869758611,0.5239570049189287,0.7597012206230643,greedy_first,prob-based
1,776.7949334549063,0.5445436327199854,0.7755511022044088,greedy_first,prob-based
2,799.6528643048563,0.4811441063946074,0.7245399890690472,greedy_first,prob-based
3,728.8406016113404,0.5110220440881763,0.7425760612133357,greedy_first,prob-based
4,655.805912296384,0.46802696301694297,0.7048642740025506,greedy_first,prob-based
5,842.1283839960588,0.39570049189287665,0.6507560575696848,greedy_first,prob-based
6,696.9021941089176,0.4893423210056477,0.7385680451812716,greedy_first,prob-based
7,639.3133065416654,0.49134632902167974,0.7460375296046639,greedy_first,prob-based
8,608.9573726770085,0.5144835124795044,0.750956458371288,greedy_first,prob-based
9,683.6941139335786,0.47658954272180726,0.7227181635999271,greedy_first,prob-based
10,621.481528511047,0.5403534341410093,0.7726361814538167,greedy_first,prob-based
11,649.4347378176087,0.5328839497176171,0.7770085625797049,greedy_first,prob-based
12,899.3844612264319,0.3599927126981235,0.6170522863909638,greedy_first,prob-based
13,1027.4616179256277,0.3927855711422846,0.5736928402259064,greedy_first,prob-based
14,565.4975055421359,0.4969939879759519,0.7405720531973037,greedy_first,prob-based
15,648.1836880511482,0.5221351794498087,0.7653488795773364,greedy_first,prob-based
16,436.7433370148316,0.48296593186372744,0.7254509018036072,greedy_first,prob-based
17,962.7777156714043,0.4933503370377118,0.718163599927127,greedy_first,prob-based
18,651.0666766488002,0.44835124795044634,0.6811805429039898,greedy_first,prob-based
19,745.129779308086,0.4933503370377118,0.7252687192566952,greedy_first,prob-based
20,753.8284478875087,0.4745855347057752,0.7150664966296228,greedy_first,prob-based
21,680.1730707975604,0.29531790854436146,0.5485516487520495,greedy_first,prob-based
22,617.4787512600864,0.531426489342321,0.7558753871379121,greedy_first,prob-based
23,694.3695875528648,0.5354345053743851,0.7688103479686647,greedy_first,prob-based
24,726.1712543090225,0.5108398615412644,0.750409910730552,greedy_first,prob-based
25,749.5991229436465,0.47148843140827107,0.7214428857715431,greedy_first,prob-based
26,809.2928252117755,0.49863363089815993,0.7372927673528876,greedy_first,prob-based
27,599.9275795004129,0.4867917653488796,0.7274549098196392,greedy_first,prob-based
28,760.341497308318,0.5429039897977773,0.7764620149389688,greedy_first,prob-based
29,635.029306700567,0.5208599016214247,0.7715430861723447,greedy_first,prob-based
30,798.1345336178383,0.5192202586992166,0.7527782838404081,greedy_first,prob-based
31,777.8169186566462,0.5148478775733285,0.750409910730552,greedy_first,prob-based
32,1081.9123381880163,0.4840590271451995,0.7341956640553835,greedy_first,prob-based
33,575.4197373715252,0.39187465840772456,0.6369101840043724,greedy_first,prob-based
34,626.4857232692542,0.4228456913827655,0.6589542721807251,greedy_first,prob-based
35,638.6811177085933,0.5164875204955365,0.7627983239205685,greedy_first,prob-based
36,989.0961699799707,0.501730734195664,0.7303698305702314,greedy_first,prob-based
37,617.1891111482992,0.5106576789943523,0.7451266168701038,greedy_first,prob-based
38,637.4119832518616,0.5345235926398251,0.7750045545636728,greedy_first,prob-based
39,498.50809737827274,0.5132082346511204,0.7535070140280561,greedy_first,prob-based
40,527.8242287560557,0.49845144835124794,0.7420295135725997,greedy_first,prob-based
41,895.2698543599345,0.5077427582437603,0.749498997995992,greedy_first,prob-based
42,537.6810278131538,0.532701767170705,0.7637092366551285,greedy_first,prob-based
43,748.7582095435572,0.4716706139551831,0.7137912188012389,greedy_first,prob-based
44,697.76694029431,0.4840590271451995,0.7218072508653671,greedy_first,prob-based
45,854.3459930718413,0.5155766077609765,0.7551466569502642,greedy_first,prob-based
46,711.4011797538923,0.5126616870103844,0.7418473310256878,greedy_first,prob-based
47,764.268946572798,0.5392603388595373,0.7742758243760248,greedy_first,prob-based
48,877.7404605545894,0.47695390781563124,0.7065039169247586,greedy_first,prob-based
49,872.6907098894951,0.45782474038987064,0.6753507014028056,greedy_first,prob-based
50,718.5337482913257,0.5031881945709601,0.7403898706503917,greedy_first,prob-based
51,788.5782430646957,0.532155219529969,0.7635270541082164,greedy_first,prob-based
52,827.0811040935705,0.4824193842229914,0.7165239570049189,greedy_first,prob-based
53,960.0786899978012,0.4771360903625433,0.7019493532519585,greedy_first,prob-based
54,726.9352336471642,0.45746037529604666,0.6744397886682456,greedy_first,prob-based
55,828.5920618332332,0.4882492257241756,0.7247221716159592,greedy_first,prob-based
56,539.388727875546,0.4596465658589907,0.7012206230643104,greedy_first,prob-based
57,569.7756789659767,0.4099107305520131,0.6589542721807251,greedy_first,prob-based
58,647.0795842862211,0.5057387502277282,0.7431226088540718,greedy_first,prob-based
59,371.2199847464575,0.5274184733102569,0.7564219347786482,greedy_first,prob-based
0,2062.0,0.624339588267444,0.8496993987975952,greedy_first,standard
1,2671.0,0.5133904171980325,0.719621060302423,greedy_first,standard
2,2030.0,0.6301694297686282,0.8540717799234834,greedy_first,standard
3,2107.0,0.6161413736564038,0.8384040808890508,greedy_first,standard
4,2018.0,0.6323556203315722,0.8542539624703953,greedy_first,standard
5,2133.0,0.6114046274366916,0.8260156676990345,greedy_first,standard
6,1992.0,0.6370923665512844,0.8555292402987794,greedy_first,standard
7,2010.0,0.6338130807068683,0.8489706686099472,greedy_first,standard
8,1985.0,0.6383676443796684,0.8593550737839315,greedy_first,standard
9,2299.0,0.5811623246492986,0.8021497540535617,greedy_first,standard
10,2082.0,0.6206959373292039,0.845327017671707,greedy_first,standard
11,2045.0,0.6274366915649481,0.8458735653124431,greedy_first,standard
12,2010.0,0.6338130807068683,0.8542539624703953,greedy_first,standard
13,2217.0,0.5961012934960831,0.8200036436509383,greedy_first,standard
14,2098.0,0.6177810165786117,0.8394971761705229,greedy_first,standard
15,2092.0,0.6188741118600838,0.8402259063581708,greedy_first,standard
16,1944.0,0.6458371288030607,0.8589907086901075,greedy_first,standard
17,2222.0,0.5951903807615231,0.8154490799781381,greedy_first,standard
18,1987.0,0.6380032792858444,0.8496993987975952,greedy_first,standard
19,1994.0,0.6367280014574603,0.8518855893605393,greedy_first,standard
20,2133.0,0.6114046274366916,0.8351247950446348,greedy_first,standard
21,2026.0,0.6308981599562762,0.8531608671889233,greedy_first,standard
22,2065.0,0.6237930406267079,0.8460557478593551,greedy_first,standard
23,2011.0,0.6336308981599563,0.8558936053926034,greedy_first,standard
24,2250.0,0.5900892694479869,0.815266897431226,greedy_first,standard
25,2176.0,0.6035707779194753,0.8231007469484424,greedy_first,standard
26,2262.0,0.5879030788850428,0.8043359446165057,greedy_first,standard
27,2228.0,0.594097285480051,0.8207323738385862,greedy_first,standard
28,2171.0,0.6044816906540353,0.8174530879941702,greedy_first,standard
29,2069.0,0.62306431043906,0.844962652577883,greedy_first,standard
30,1951.0,0.6445618509746767,0.8599016214246675,greedy_first,standard
31,2092.0,0.6188741118600838,0.8380397157952268,greedy_first,standard
32,2091.0,0.6190562944069958,0.8416833667334669,greedy_first,standard
33,2083.0,0.6205137547822919,0.843140827108763,greedy_first,standard
34,1977.0,0.6398251047549645,0.8537074148296593,greedy_first,standard
35,2093.0,0.6186919293131719,0.8400437238112589,greedy_first,standard
36,2005.0,0.6347239934414283,0.8500637638914192,greedy_first,standard
37,2031.0,0.6299872472217162,0.8520677719074513,greedy_first,standard
38,2059.0,0.62488613590818,0.8495172162506832,greedy_first,standard
39,2038.0,0.6287119693933321,0.8491528511568591,greedy_first,standard
40,2206.0,0.5981053015121152,0.8225541993077063,greedy_first,standard
41,2082.0,0.6206959373292039,0.8405902714519949,greedy_first,standard
42,2111.0,0.6154126434687557,0.8351247950446348,greedy_first,standard
43,2022.0,0.6316268901439243,0.8517034068136272,greedy_first,standard
44,2010.0,0.6338130807068683,0.8535252322827473,greedy_first,standard
45,2130.0,0.6119511750774276,0.8391328110766989,greedy_first,standard
46,2134.0,0.6112224448897795,0.8302058662780105,greedy_first,standard
47,2163.0,0.6059391510293314,0.8280196757150665,greedy_first,standard
48,2024.0,0.6312625250501002,0.8520677719074513,greedy_first,standard
49,2041.0,0.6281654217525962,0.8511568591728912,greedy_first,standard
50,2054.0,0.62579704864274,0.8493350337037712,greedy_first,standard
51,2055.0,0.6256148660958281,0.8509746766259793,greedy_first,standard
52,1995.0,0.6365458189105484,0.8544361450173074,greedy_first,standard
53,2009.0,0.6339952632537803,0.8535252322827473,greedy_first,standard
54,2028.0,0.6305337948624522,0.8551648752049553,greedy_first,standard
55,2015.0,0.6329021679723082,0.8524321370012753,greedy_first,standard
56,2043.0,0.6278010566587721,0.8495172162506832,greedy_first,standard
57,1974.0,0.6403716523957005,0.8588085261431955,greedy_first,standard
58,2083.0,0.6205137547822919,0.8467844780470031,greedy_first,standard
59,2108.0,0.6159591911094917,0.8409546365458189,greedy_first,standard
60,2118.0,0.6141373656403717,0.8349426124977227,greedy_first,standard
61,2119.0,0.6139551830934596,0.8396793587174348,greedy_first,standard
62,2000.0,0.6356349061759884,0.8560757879395154,greedy_first,standard
63,2082.0,0.6206959373292039,0.844051739843323,greedy_first,standard
64,2062.0,0.624339588267444,0.844233922390235,greedy_first,standard
65,2132.0,0.6115868099836036,0.8356713426853707,greedy_first,standard
66,2043.0,0.6278010566587721,0.8506103115321553,greedy_first,standard
67,1999.0,0.6358170887229003,0.8527965020950993,greedy_first,standard
68,2054.0,0.62579704864274,0.8502459464383312,greedy_first,standard
69,2080.0,0.6210603024230279,0.845327017671707,greedy_first,standard
0,1248.5062499999992,0.6318090726908362,0.8504281289852432,greedy_first,hill-climbing
1,1318.5187499999947,0.6159591911094917,0.8373109856075788,greedy_first,hill-climbing
2,1239.5874999999983,0.6305337948624522,0.8553470577518674,greedy_first,hill-climbing
3,1315.9624999999953,0.6190562944069958,0.8353069775915467,greedy_first,hill-climbing
4,1410.4999999999868,0.593732920386227,0.8214611040262343,greedy_first,hill-climbing
5,1166.6187500000021,0.6507560575696848,0.8653670978320277,greedy_first,hill-climbing
6,1219.35,0.6356349061759884,0.8586263435962834,greedy_first,hill-climbing
7,1287.2562499999983,0.62306431043906,0.843140827108763,greedy_first,hill-climbing
8,1258.1124999999972,0.627254509018036,0.8509746766259793,greedy_first,hill-climbing
9,1354.1874999999927,0.6079431590453634,0.8305702313718346,greedy_first,hill-climbing
10,1213.6249999999986,0.6369101840043724,0.8597194388777555,greedy_first,hill-climbing
11,1263.3874999999973,0.62579704864274,0.8502459464383312,greedy_first,hill-climbing
12,1243.993749999997,0.6296228821278922,0.8544361450173074,greedy_first,hill-climbing
13,1209.2874999999997,0.6398251047549645,0.8586263435962834,greedy_first,hill-climbing
14,1190.7687500000015,0.6432865731462926,0.8628165421752596,greedy_first,hill-climbing
15,1328.0499999999922,0.6092184368737475,0.8400437238112589,greedy_first,hill-climbing
16,1255.8499999999976,0.625979231189652,0.8531608671889233,greedy_first,hill-climbing
17,1263.831249999997,0.62579704864274,0.8500637638914192,greedy_first,hill-climbing
18,1484.47499999998,0.5769721260703224,0.8076152304609219,greedy_first,hill-climbing
19,1188.587500000002,0.6443796684277646,0.8626343596283476,greedy_first,hill-climbing
20,1174.9437500000013,0.6476589542721807,0.8650027327382037,greedy_first,hill-climbing
21,1208.875,0.6407360174895245,0.8578976134086355,greedy_first,hill-climbing
22,1233.0187499999981,0.6330843505192203,0.8555292402987794,greedy_first,hill-climbing
23,1237.3749999999998,0.6307159774093641,0.8560757879395154,greedy_first,hill-climbing
24,1241.393749999998,0.6314447075970122,0.8537074148296593,greedy_first,hill-climbing
25,1226.8687499999987,0.6349061759883403,0.8562579704864274,greedy_first,hill-climbing
26,1217.287499999999,0.6401894698487884,0.8549826926580434,greedy_first,hill-climbing
27,1197.8249999999994,0.6420112953179086,0.8611768992530515,greedy_first,hill-climbing
28,1219.8125,0.6361814538167243,0.8578976134086355,greedy_first,hill-climbing
29,1226.8999999999983,0.6358170887229003,0.8553470577518674,greedy_first,hill-climbing
30,1389.8812499999888,0.6006558571688833,0.8231007469484424,greedy_first,hill-climbing
31,1208.3875000000003,0.6394607396611405,0.8593550737839315,greedy_first,hill-climbing
32,1329.9437499999913,0.6126799052650757,0.8358535252322827,greedy_first,hill-climbing
33,1253.6687499999987,0.6270723264711241,0.8529786846420113,greedy_first,hill-climbing
34,1256.2812499999966,0.6256148660958281,0.8533430497358353,greedy_first,hill-climbing
35,1323.218749999996,0.6106758972490436,0.8405902714519949,greedy_first,hill-climbing
36,1270.899999999997,0.62488613590818,0.8480597558753872,greedy_first,hill-climbing
37,1369.56874999999,0.6035707779194753,0.8285662233558025,greedy_first,hill-climbing
38,1264.7437499999971,0.6265257788303881,0.8489706686099472,greedy_first,hill-climbing
39,1224.6124999999984,0.6338130807068683,0.8582619785024594,greedy_first,hill-climbing
40,1237.8625000000006,0.6319912552377482,0.8546183275642193,greedy_first,hill-climbing
41,1207.4625000000005,0.6383676443796684,0.8608125341592275,greedy_first,hill-climbing
42,1211.8312500000006,0.6363636363636364,0.8609947167061396,greedy_first,hill-climbing
43,1220.2874999999997,0.6370923665512844,0.8568045181271634,greedy_first,hill-climbing
44,1229.0312499999982,0.6332665330661322,0.8569867006740755,greedy_first,hill-climbing
45,1245.3749999999977,0.6310803425031882,0.8524321370012753,greedy_first,hill-climbing
46,1403.5937499999898,0.5993805793404992,0.8187283658225541,greedy_first,hill-climbing
47,1225.1062499999994,0.6352705410821643,0.8566223355802514,greedy_first,hill-climbing
48,1229.5249999999996,0.6347239934414283,0.8553470577518674,greedy_first,hill-climbing
49,1230.2874999999985,0.6310803425031882,0.8586263435962834,greedy_first,hill-climbing
0,2082.0,0.6276188741118601,0.8491528511568591,greedy_first,risk-sensitive
1,2268.0,0.6050282382947714,0.8227363818546183,greedy_first,risk-sensitive
2,2264.0,0.5982874840590271,0.8296593186372746,greedy_first,risk-sensitive
3,2030.0,0.6349061759883403,0.8558936053926034,greedy_first,risk-sensitive
4,2160.0,0.6188741118600838,0.8384040808890508,greedy_first,risk-sensitive
5,2040.0,0.6341774458006922,0.8493350337037712,greedy_first,risk-sensitive
6,2169.0,0.6177810165786117,0.8373109856075788,greedy_first,risk-sensitive
7,2280.0,0.6055747859355074,0.81289852432137,greedy_first,risk-sensitive
8,2043.0,0.6336308981599563,0.8544361450173074,greedy_first,risk-sensitive
9,2170.0,0.6175988340316998,0.8360357077791948,greedy_first,risk-sensitive
10,2079.0,0.6278010566587721,0.846237930406267,greedy_first,risk-sensitive
11,1961.0,0.6472945891783567,0.8657314629258517,greedy_first,risk-sensitive
12,2126.0,0.6226999453452359,0.8391328110766989,greedy_first,risk-sensitive
13,2085.0,0.6298050646748041,0.8478775733284751,greedy_first,risk-sensitive
14,2234.0,0.6081253415922755,0.8272909455274184,greedy_first,risk-sensitive
15,2099.0,0.6323556203315722,0.844416104937147,greedy_first,risk-sensitive
16,2023.0,0.6385498269265805,0.8588085261431955,greedy_first,risk-sensitive
17,2041.0,0.6339952632537803,0.8524321370012753,greedy_first,risk-sensitive
18,2084.0,0.6281654217525962,0.8509746766259793,greedy_first,risk-sensitive
19,2084.0,0.62579704864274,0.8476953907815631,greedy_first,risk-sensitive
20,2130.0,0.6203315722353798,0.8405902714519949,greedy_first,risk-sensitive
21,2033.0,0.6354527236290763,0.8586263435962834,greedy_first,risk-sensitive
22,2317.0,0.5984696666059391,0.8108945163053379,greedy_first,risk-sensitive
23,2532.0,0.5724175623975223,0.7750045545636728,greedy_first,risk-sensitive
24,2606.0,0.5614866095828019,0.783020586627801,greedy_first,risk-sensitive
25,2022.0,0.6372745490981964,0.8540717799234834,greedy_first,risk-sensitive
26,1954.0,0.6467480415376207,0.8644561850974677,greedy_first,risk-sensitive
27,2030.0,0.6354527236290763,0.8542539624703953,greedy_first,risk-sensitive
28,2121.0,0.623610858079796,0.8371288030606668,greedy_first,risk-sensitive
29,2051.0,0.6323556203315722,0.8526143195481873,greedy_first,risk-sensitive
30,1988.0,0.6440153033339406,0.8639096374567317,greedy_first,risk-sensitive
31,2467.0,0.5755146656950264,0.8030606667881217,greedy_first,risk-sensitive
32,2029.0,0.6361814538167243,0.8604481690654036,greedy_first,risk-sensitive
33,2206.0,0.6094006194206595,0.8333029695755146,greedy_first,risk-sensitive
34,2030.0,0.6359992712698124,0.8535252322827473,greedy_first,risk-sensitive
35,2059.0,0.6314447075970122,0.8526143195481873,greedy_first,risk-sensitive
36,2013.0,0.6394607396611405,0.8553470577518674,greedy_first,risk-sensitive
37,2494.0,0.5793404991801785,0.7879395153944252,greedy_first,risk-sensitive
38,2055.0,0.6298050646748041,0.8517034068136272,greedy_first,risk-sensitive
39,2004.0,0.6401894698487884,0.8613590817999636,greedy_first,risk-sensitive
40,2002.0,0.6396429222080525,0.8626343596283476,greedy_first,risk-sensitive
41,2064.0,0.6292585170340681,0.8529786846420113,greedy_first,risk-sensitive
42,2080.0,0.6290763344871562,0.8502459464383312,greedy_first,risk-sensitive
43,2085.0,0.6270723264711241,0.844233922390235,greedy_first,risk-sensitive
44,2039.0,0.6354527236290763,0.8553470577518674,greedy_first,risk-sensitive
45,2138.0,0.6214246675168519,0.842958644561851,greedy_first,risk-sensitive
46,2049.0,0.6332665330661322,0.8517034068136272,greedy_first,risk-sensitive
47,1987.0,0.6425578429586446,0.8617234468937875,greedy_first,risk-sensitive
48,2427.0,0.5787939515394426,0.8047003097103298,greedy_first,risk-sensitive
49,2168.0,0.6137730005465476,0.8369466205137548,greedy_first,risk-sensitive
50,2026.0,0.6369101840043724,0.8548005101111313,greedy_first,risk-sensitive
51,2036.0,0.6374567316451084,0.8507924940790672,greedy_first,risk-sensitive
52,3113.0,0.47841136819092733,0.7081435598469666,greedy_first,risk-sensitive
53,2023.0,0.6354527236290763,0.8540717799234834,greedy_first,risk-sensitive
54,2018.0,0.6374567316451084,0.8540717799234834,greedy_first,risk-sensitive
55,2008.0,0.6389141920204044,0.8575332483148115,greedy_first,risk-sensitive
56,2252.0,0.6115868099836036,0.8254691200582984,greedy_first,risk-sensitive
57,2032.0,0.6367280014574603,0.8566223355802514,greedy_first,risk-sensitive
58,2263.0,0.6042995081071233,0.8251047549644744,greedy_first,risk-sensitive
59,2304.0,0.6010202222627072,0.8108945163053379,greedy_first,risk-sensitive
